recidivism_within_2_years,Post-processing
1.0,1.0
1.0,1.0
1.0,0.0
1.0,1.0
1.0,1.0
1.0,1.0
1.0,1.0
1.0,1.0
1.0,1.0
1.0,0.0
0.0,1.0
0.0,1.0
0.0,1.0
1.0,1.0
1.0,1.0
0.0,0.0
1.0,1.0
1.0,1.0
0.0,1.0
0.0,0.0
1.0,1.0
1.0,1.0
0.0,1.0
1.0,0.0
1.0,1.0
1.0,1.0
0.0,1.0
1.0,1.0
0.0,0.0
0.0,0.0
1.0,1.0
0.0,0.0
1.0,0.0
0.0,1.0
1.0,1.0
0.0,1.0
1.0,1.0
0.0,1.0
1.0,1.0
1.0,1.0
1.0,1.0
1.0,0.0
1.0,1.0
0.0,1.0
1.0,1.0
1.0,1.0
1.0,1.0
1.0,1.0
0.0,1.0
0.0,1.0
0.0,0.0
0.0,0.0
0.0,0.0
1.0,1.0
1.0,0.0
1.0,0.0
1.0,1.0
1.0,1.0
0.0,1.0
0.0,0.0
0.0,1.0
0.0,0.0
1.0,1.0
0.0,1.0
1.0,1.0
1.0,0.0
1.0,1.0
1.0,0.0
0.0,1.0
0.0,1.0
1.0,1.0
0.0,1.0
0.0,0.0
0.0,1.0
1.0,1.0
1.0,0.0
1.0,0.0
1.0,1.0
1.0,1.0
1.0,1.0
0.0,1.0
1.0,1.0
0.0,1.0
1.0,1.0
1.0,0.0
0.0,1.0
1.0,1.0
0.0,0.0
0.0,0.0
0.0,1.0
1.0,1.0
1.0,1.0
0.0,1.0
0.0,0.0
0.0,1.0
0.0,1.0
1.0,1.0
0.0,1.0
0.0,0.0
1.0,1.0
0.0,0.0
1.0,1.0
1.0,1.0
1.0,0.0
0.0,1.0
0.0,0.0
1.0,1.0
0.0,0.0
0.0,1.0
0.0,1.0
1.0,1.0
0.0,1.0
1.0,1.0
0.0,1.0
1.0,0.0
1.0,1.0
1.0,1.0
0.0,0.0
1.0,0.0
0.0,1.0
1.0,1.0
0.0,1.0
0.0,1.0
1.0,1.0
1.0,1.0
1.0,1.0
0.0,0.0
1.0,1.0
1.0,1.0
1.0,1.0
0.0,1.0
0.0,1.0
0.0,1.0
1.0,0.0
0.0,1.0
0.0,1.0
0.0,1.0
0.0,1.0
1.0,1.0
0.0,1.0
0.0,1.0
0.0,1.0
0.0,1.0
0.0,0.0
0.0,1.0
0.0,1.0
1.0,1.0
1.0,1.0
1.0,0.0
0.0,1.0
0.0,1.0
0.0,1.0
1.0,1.0
1.0,1.0
0.0,1.0
1.0,1.0
1.0,1.0
1.0,1.0
1.0,0.0
0.0,0.0
0.0,1.0
1.0,1.0
0.0,0.0
0.0,1.0
0.0,1.0
1.0,1.0
1.0,0.0
1.0,1.0
0.0,0.0
1.0,1.0
0.0,1.0
1.0,1.0
1.0,1.0
0.0,1.0
1.0,1.0
0.0,1.0
0.0,1.0
0.0,1.0
0.0,1.0
1.0,1.0
0.0,1.0
1.0,1.0
0.0,1.0
1.0,1.0
0.0,1.0
0.0,1.0
1.0,1.0
1.0,1.0
0.0,1.0
0.0,1.0
0.0,1.0
1.0,0.0
1.0,1.0
1.0,1.0
1.0,1.0
0.0,0.0
0.0,1.0
0.0,0.0
1.0,1.0
0.0,1.0
0.0,1.0
0.0,0.0
1.0,1.0
1.0,1.0
0.0,1.0
0.0,0.0
0.0,0.0
1.0,1.0
1.0,1.0
1.0,1.0
0.0,1.0
0.0,1.0
1.0,0.0
1.0,0.0
0.0,1.0
0.0,0.0
1.0,1.0
0.0,1.0
0.0,1.0
1.0,1.0
0.0,1.0
0.0,1.0
1.0,1.0
0.0,1.0
0.0,1.0
1.0,0.0
0.0,0.0
1.0,1.0
0.0,1.0
1.0,1.0
1.0,1.0
0.0,0.0
1.0,1.0
0.0,1.0
0.0,1.0
1.0,0.0
1.0,1.0
0.0,0.0
1.0,1.0
1.0,1.0
0.0,1.0
1.0,0.0
1.0,1.0
1.0,1.0
0.0,1.0
1.0,1.0
0.0,0.0
1.0,0.0
1.0,1.0
1.0,1.0
0.0,0.0
1.0,1.0
0.0,1.0
0.0,1.0
1.0,1.0
0.0,1.0
1.0,0.0
0.0,1.0
0.0,1.0
1.0,1.0
0.0,1.0
1.0,1.0
0.0,1.0
1.0,1.0
0.0,1.0
1.0,1.0
1.0,1.0
0.0,0.0
1.0,0.0
0.0,0.0
1.0,1.0
0.0,1.0
0.0,0.0
0.0,0.0
1.0,1.0
1.0,1.0
1.0,1.0
1.0,1.0
0.0,1.0
1.0,1.0
1.0,1.0
1.0,1.0
0.0,1.0
0.0,1.0
0.0,1.0
1.0,1.0
0.0,0.0
0.0,1.0
0.0,1.0
1.0,1.0
0.0,1.0
1.0,0.0
0.0,1.0
0.0,1.0
0.0,1.0
1.0,1.0
1.0,1.0
0.0,1.0
1.0,0.0
1.0,1.0
1.0,1.0
0.0,1.0
1.0,1.0
1.0,0.0
1.0,1.0
0.0,1.0
1.0,0.0
1.0,1.0
0.0,1.0
1.0,1.0
1.0,1.0
1.0,1.0
0.0,0.0
0.0,1.0
1.0,0.0
0.0,1.0
0.0,1.0
0.0,1.0
1.0,1.0
0.0,1.0
0.0,1.0
1.0,1.0
0.0,0.0
0.0,1.0
1.0,1.0
0.0,0.0
1.0,1.0
0.0,1.0
1.0,1.0
0.0,1.0
1.0,1.0
1.0,1.0
1.0,0.0
0.0,0.0
1.0,0.0
0.0,0.0
0.0,1.0
0.0,1.0
0.0,1.0
0.0,0.0
0.0,1.0
1.0,0.0
1.0,1.0
1.0,1.0
1.0,0.0
1.0,1.0
1.0,0.0
1.0,1.0
1.0,0.0
0.0,1.0
0.0,1.0
1.0,1.0
1.0,1.0
0.0,1.0
1.0,1.0
0.0,0.0
1.0,1.0
1.0,1.0
1.0,1.0
1.0,0.0
0.0,1.0
0.0,1.0
1.0,1.0
1.0,1.0
1.0,1.0
1.0,1.0
0.0,0.0
0.0,1.0
0.0,1.0
0.0,0.0
1.0,1.0
1.0,1.0
1.0,0.0
1.0,1.0
0.0,1.0
1.0,0.0
1.0,1.0
0.0,1.0
1.0,1.0
0.0,1.0
0.0,0.0
0.0,1.0
0.0,0.0
0.0,1.0
0.0,0.0
1.0,1.0
1.0,1.0
0.0,0.0
0.0,1.0
0.0,1.0
0.0,1.0
0.0,1.0
1.0,1.0
1.0,1.0
0.0,1.0
0.0,1.0
0.0,1.0
1.0,1.0
0.0,1.0
0.0,1.0
1.0,1.0
1.0,0.0
1.0,1.0
1.0,1.0
0.0,1.0
1.0,1.0
0.0,0.0
1.0,1.0
1.0,1.0
1.0,1.0
0.0,1.0
0.0,1.0
1.0,1.0
1.0,1.0
0.0,1.0
1.0,1.0
0.0,0.0
0.0,1.0
1.0,0.0
1.0,1.0
0.0,0.0
1.0,1.0
0.0,1.0
0.0,1.0
0.0,1.0
0.0,1.0
1.0,1.0
1.0,1.0
0.0,1.0
1.0,1.0
1.0,1.0
1.0,0.0
0.0,0.0
0.0,1.0
0.0,1.0
0.0,0.0
0.0,1.0
0.0,1.0
0.0,1.0
0.0,1.0
1.0,1.0
0.0,1.0
1.0,1.0
1.0,1.0
1.0,1.0
1.0,1.0
1.0,1.0
0.0,1.0
1.0,0.0
1.0,1.0
0.0,1.0
1.0,1.0
0.0,1.0
1.0,1.0
0.0,1.0
1.0,1.0
0.0,1.0
0.0,1.0
0.0,0.0
0.0,1.0
0.0,1.0
0.0,1.0
0.0,0.0
0.0,0.0
0.0,1.0
1.0,0.0
0.0,1.0
1.0,1.0
0.0,1.0
1.0,1.0
1.0,1.0
1.0,1.0
1.0,1.0
1.0,0.0
1.0,1.0
1.0,0.0
0.0,1.0
0.0,0.0
1.0,1.0
0.0,1.0
0.0,0.0
1.0,1.0
1.0,1.0
1.0,0.0
1.0,1.0
1.0,1.0
1.0,1.0
1.0,0.0
0.0,0.0
0.0,0.0
0.0,1.0
1.0,0.0
1.0,1.0
0.0,1.0
1.0,0.0
1.0,1.0
0.0,1.0
1.0,1.0
0.0,0.0
0.0,0.0
0.0,0.0
1.0,1.0
1.0,1.0
0.0,1.0
0.0,1.0
0.0,0.0
0.0,1.0
1.0,1.0
1.0,0.0
1.0,1.0
1.0,0.0
1.0,1.0
1.0,1.0
1.0,1.0
0.0,0.0
1.0,1.0
0.0,0.0
0.0,1.0
0.0,0.0
0.0,1.0
1.0,1.0
0.0,1.0
1.0,1.0
0.0,1.0
0.0,1.0
0.0,1.0
1.0,0.0
0.0,0.0
1.0,1.0
1.0,1.0
1.0,1.0
0.0,1.0
0.0,1.0
0.0,1.0
1.0,1.0
1.0,1.0
0.0,0.0
1.0,1.0
0.0,0.0
1.0,1.0
1.0,1.0
0.0,0.0
1.0,1.0
0.0,1.0
0.0,1.0
0.0,0.0
0.0,0.0
1.0,1.0
1.0,0.0
1.0,1.0
0.0,0.0
0.0,1.0
0.0,0.0
1.0,0.0
1.0,1.0
0.0,0.0
0.0,1.0
1.0,1.0
1.0,1.0
1.0,0.0
0.0,1.0
1.0,1.0
0.0,1.0
1.0,1.0
1.0,1.0
0.0,1.0
1.0,1.0
0.0,0.0
0.0,1.0
1.0,1.0
0.0,1.0
0.0,1.0
1.0,1.0
0.0,0.0
0.0,1.0
0.0,1.0
1.0,1.0
0.0,1.0
0.0,1.0
0.0,0.0
0.0,1.0
0.0,1.0
1.0,1.0
0.0,0.0
0.0,0.0
0.0,0.0
0.0,0.0
1.0,0.0
1.0,1.0
1.0,1.0
1.0,1.0
0.0,1.0
0.0,1.0
1.0,0.0
0.0,1.0
1.0,1.0
1.0,1.0
0.0,0.0
0.0,0.0
1.0,0.0
0.0,1.0
1.0,0.0
1.0,1.0
1.0,1.0
0.0,1.0
0.0,1.0
1.0,1.0
1.0,1.0
0.0,1.0
0.0,1.0
1.0,1.0
0.0,1.0
0.0,0.0
0.0,1.0
1.0,1.0
1.0,1.0
1.0,1.0
1.0,1.0
1.0,1.0
1.0,1.0
1.0,1.0
0.0,1.0
1.0,1.0
1.0,1.0
1.0,0.0
0.0,1.0
1.0,1.0
0.0,0.0
0.0,1.0
1.0,1.0
0.0,1.0
0.0,1.0
0.0,1.0
1.0,1.0
1.0,1.0
0.0,0.0
0.0,1.0
0.0,1.0
0.0,1.0
1.0,0.0
1.0,1.0
1.0,1.0
0.0,1.0
1.0,1.0
0.0,1.0
1.0,0.0
1.0,1.0
1.0,1.0
0.0,0.0
1.0,1.0
0.0,1.0
1.0,1.0
0.0,1.0
0.0,1.0
0.0,0.0
0.0,1.0
1.0,1.0
0.0,1.0
1.0,1.0
1.0,1.0
1.0,1.0
1.0,1.0
0.0,1.0
1.0,1.0
0.0,1.0
1.0,1.0
1.0,1.0
1.0,1.0
0.0,1.0
0.0,1.0
1.0,0.0
0.0,0.0
0.0,1.0
1.0,0.0
0.0,1.0
0.0,1.0
0.0,1.0
0.0,0.0
0.0,1.0
0.0,1.0
1.0,1.0
1.0,1.0
1.0,1.0
0.0,1.0
0.0,0.0
1.0,0.0
0.0,1.0
0.0,0.0
1.0,1.0
0.0,0.0
1.0,1.0
0.0,1.0
1.0,1.0
1.0,1.0
0.0,1.0
1.0,1.0
0.0,0.0
0.0,1.0
0.0,1.0
0.0,1.0
1.0,1.0
0.0,1.0
0.0,1.0
0.0,1.0
0.0,1.0
0.0,1.0
0.0,1.0
0.0,1.0
0.0,0.0
0.0,1.0
1.0,1.0
1.0,1.0
0.0,1.0
0.0,1.0
1.0,1.0
1.0,1.0
1.0,1.0
1.0,1.0
1.0,1.0
0.0,1.0
0.0,1.0
0.0,1.0
0.0,1.0
0.0,1.0
0.0,1.0
0.0,1.0
0.0,1.0
0.0,0.0
0.0,1.0
1.0,1.0
0.0,1.0
1.0,1.0
0.0,1.0
0.0,1.0
0.0,1.0
1.0,1.0
0.0,1.0
1.0,1.0
1.0,0.0
0.0,0.0
0.0,1.0
0.0,1.0
1.0,1.0
1.0,1.0
1.0,1.0
1.0,0.0
0.0,0.0
1.0,1.0
1.0,1.0
0.0,1.0
0.0,1.0
0.0,1.0
0.0,1.0
0.0,0.0
0.0,1.0
1.0,1.0
0.0,1.0
1.0,1.0
0.0,1.0
1.0,1.0
1.0,1.0
0.0,1.0
0.0,1.0
0.0,1.0
0.0,0.0
1.0,1.0
0.0,1.0
0.0,0.0
0.0,1.0
0.0,1.0
0.0,1.0
1.0,1.0
1.0,0.0
0.0,1.0
0.0,0.0
0.0,0.0
0.0,1.0
0.0,1.0
1.0,0.0
0.0,0.0
1.0,1.0
0.0,1.0
0.0,1.0
1.0,0.0
1.0,1.0
0.0,0.0
0.0,1.0
1.0,1.0
1.0,1.0
0.0,0.0
1.0,1.0
0.0,1.0
1.0,0.0
1.0,0.0
0.0,1.0
0.0,0.0
0.0,1.0
1.0,1.0
0.0,0.0
1.0,1.0
0.0,1.0
1.0,1.0
0.0,1.0
0.0,1.0
1.0,0.0
0.0,0.0
1.0,1.0
1.0,1.0
0.0,1.0
1.0,1.0
0.0,1.0
0.0,1.0
1.0,1.0
0.0,1.0
1.0,1.0
1.0,0.0
0.0,1.0
1.0,0.0
1.0,1.0
0.0,1.0
1.0,1.0
0.0,0.0
1.0,1.0
0.0,1.0
0.0,1.0
0.0,0.0
0.0,0.0
0.0,1.0
0.0,1.0
0.0,1.0
0.0,1.0
0.0,1.0
0.0,1.0
1.0,1.0
0.0,1.0
0.0,1.0
1.0,1.0
0.0,1.0
0.0,1.0
1.0,0.0
0.0,0.0
0.0,1.0
0.0,0.0
0.0,1.0
1.0,1.0
1.0,1.0
1.0,1.0
0.0,0.0
1.0,1.0
0.0,0.0
0.0,1.0
0.0,1.0
1.0,1.0
1.0,1.0
0.0,0.0
1.0,0.0
1.0,1.0
0.0,1.0
0.0,0.0
1.0,0.0
1.0,1.0
1.0,0.0
0.0,1.0
0.0,0.0
0.0,0.0
1.0,1.0
0.0,1.0
0.0,0.0
1.0,1.0
0.0,1.0
1.0,1.0
0.0,0.0
0.0,1.0
1.0,1.0
0.0,1.0
0.0,0.0
1.0,1.0
1.0,1.0
1.0,1.0
1.0,1.0
0.0,1.0
0.0,0.0
0.0,1.0
0.0,1.0
0.0,1.0
1.0,1.0
1.0,1.0
0.0,1.0
1.0,1.0
0.0,0.0
1.0,1.0
1.0,0.0
1.0,1.0
0.0,0.0
0.0,1.0
0.0,1.0
0.0,0.0
0.0,1.0
0.0,1.0
0.0,0.0
0.0,1.0
0.0,1.0
1.0,1.0
0.0,1.0
0.0,1.0
1.0,1.0
0.0,0.0
1.0,1.0
1.0,0.0
1.0,1.0
0.0,1.0
0.0,1.0
0.0,0.0
0.0,1.0
0.0,1.0
0.0,1.0
1.0,1.0
1.0,1.0
1.0,0.0
1.0,1.0
1.0,0.0
1.0,1.0
1.0,1.0
0.0,1.0
0.0,1.0
1.0,1.0
1.0,0.0
0.0,1.0
0.0,1.0
1.0,1.0
1.0,1.0
0.0,0.0
0.0,0.0
0.0,1.0
1.0,0.0
0.0,1.0
1.0,1.0
0.0,1.0
1.0,1.0
0.0,1.0
0.0,0.0
1.0,0.0
1.0,0.0
0.0,1.0
0.0,1.0
0.0,1.0
1.0,1.0
1.0,1.0
1.0,1.0
0.0,1.0
0.0,1.0
1.0,1.0
1.0,1.0
1.0,1.0
0.0,1.0
1.0,0.0
0.0,0.0
1.0,0.0
1.0,1.0
0.0,1.0
0.0,1.0
0.0,1.0
0.0,1.0
0.0,1.0
1.0,0.0
0.0,1.0
0.0,0.0
1.0,1.0
1.0,1.0
0.0,1.0
0.0,1.0
0.0,0.0
0.0,1.0
0.0,0.0
1.0,1.0
1.0,1.0
1.0,1.0
1.0,1.0
1.0,1.0
1.0,1.0
0.0,1.0
0.0,1.0
1.0,1.0
0.0,1.0
1.0,1.0
0.0,1.0
1.0,1.0
1.0,1.0
1.0,1.0
0.0,0.0
0.0,1.0
1.0,1.0
0.0,0.0
1.0,1.0
0.0,1.0
0.0,1.0
1.0,1.0
1.0,1.0
1.0,1.0
0.0,1.0
1.0,1.0
0.0,1.0
0.0,1.0
0.0,0.0
0.0,1.0
0.0,0.0
1.0,1.0
0.0,0.0
1.0,0.0
0.0,0.0
0.0,1.0
1.0,1.0
1.0,0.0
1.0,1.0
1.0,1.0
1.0,1.0
1.0,1.0
0.0,1.0
1.0,1.0
1.0,0.0
0.0,1.0
1.0,0.0
0.0,1.0
0.0,1.0
1.0,1.0
0.0,1.0
1.0,1.0
0.0,1.0
1.0,1.0
0.0,1.0
1.0,1.0
1.0,1.0
0.0,1.0
0.0,0.0
1.0,0.0
1.0,1.0
1.0,1.0
1.0,1.0
0.0,1.0
0.0,1.0
0.0,0.0
1.0,1.0
0.0,0.0
0.0,0.0
1.0,1.0
0.0,1.0
0.0,1.0
0.0,1.0
1.0,0.0
1.0,0.0
1.0,1.0
0.0,1.0
1.0,1.0
0.0,1.0
0.0,0.0
0.0,1.0
1.0,1.0
1.0,1.0
0.0,1.0
0.0,1.0
1.0,1.0
0.0,0.0
1.0,1.0
1.0,1.0
1.0,1.0
1.0,1.0
1.0,1.0
1.0,1.0
0.0,0.0
1.0,1.0
1.0,1.0
1.0,1.0
1.0,1.0
1.0,1.0
0.0,1.0
0.0,1.0
1.0,1.0
1.0,1.0
0.0,1.0
1.0,1.0
1.0,1.0
1.0,1.0
0.0,1.0
0.0,1.0
1.0,1.0
1.0,0.0
0.0,0.0
0.0,0.0
1.0,1.0
1.0,1.0
1.0,1.0
0.0,1.0
0.0,1.0
1.0,1.0
0.0,1.0
0.0,1.0
0.0,1.0
0.0,0.0
1.0,0.0
1.0,1.0
0.0,1.0
1.0,1.0
0.0,1.0
0.0,1.0
1.0,1.0
1.0,1.0
0.0,1.0
1.0,1.0
1.0,1.0
1.0,1.0
1.0,1.0
0.0,1.0
1.0,1.0
0.0,0.0
0.0,0.0
0.0,0.0
0.0,1.0
0.0,1.0
1.0,1.0
1.0,1.0
0.0,1.0
0.0,1.0
1.0,1.0
1.0,1.0
0.0,0.0
1.0,1.0
1.0,1.0
1.0,0.0
0.0,1.0
1.0,0.0
0.0,0.0
0.0,0.0
0.0,0.0
1.0,0.0
0.0,0.0
0.0,0.0
1.0,1.0
1.0,0.0
0.0,1.0
1.0,1.0
1.0,1.0
0.0,1.0
1.0,1.0
1.0,0.0
0.0,0.0
1.0,0.0
1.0,1.0
0.0,1.0
1.0,1.0
1.0,0.0
1.0,0.0
0.0,0.0
1.0,1.0
0.0,0.0
0.0,0.0
1.0,1.0
0.0,1.0
0.0,0.0
0.0,1.0
0.0,1.0
0.0,1.0
1.0,1.0
0.0,1.0
1.0,1.0
0.0,1.0
0.0,1.0
1.0,0.0
1.0,0.0
0.0,1.0
0.0,0.0
0.0,1.0
0.0,1.0
1.0,1.0
1.0,1.0
1.0,1.0
0.0,1.0
0.0,0.0
1.0,1.0
0.0,1.0
1.0,1.0
0.0,1.0
0.0,0.0
0.0,0.0
1.0,1.0
1.0,1.0
1.0,1.0
1.0,1.0
1.0,0.0
1.0,1.0
1.0,1.0
0.0,0.0
1.0,1.0
0.0,1.0
0.0,1.0
0.0,1.0
0.0,0.0
0.0,1.0
0.0,1.0
1.0,1.0
1.0,1.0
1.0,1.0
1.0,1.0
1.0,0.0
1.0,1.0
1.0,1.0
0.0,1.0
0.0,1.0
0.0,0.0
1.0,1.0
0.0,1.0
1.0,1.0
0.0,1.0
1.0,1.0
1.0,1.0
0.0,1.0
1.0,1.0
1.0,1.0
0.0,1.0
1.0,1.0
1.0,1.0
1.0,1.0
0.0,0.0
1.0,0.0
0.0,1.0
0.0,0.0
0.0,0.0
0.0,1.0
1.0,1.0
1.0,0.0
0.0,1.0
0.0,1.0
1.0,1.0
0.0,0.0
1.0,0.0
0.0,0.0
0.0,1.0
0.0,0.0
0.0,0.0
0.0,1.0
0.0,0.0
1.0,0.0
1.0,1.0
1.0,1.0
1.0,1.0
1.0,1.0
0.0,0.0
1.0,0.0
1.0,1.0
1.0,1.0
0.0,1.0
0.0,1.0
0.0,0.0
0.0,1.0
0.0,1.0
1.0,0.0
0.0,1.0
0.0,0.0
0.0,1.0
0.0,1.0
1.0,0.0
1.0,0.0
0.0,0.0
0.0,1.0
0.0,1.0
0.0,1.0
1.0,1.0
1.0,1.0
0.0,1.0
0.0,0.0
1.0,1.0
0.0,1.0
1.0,1.0
1.0,1.0
0.0,1.0
1.0,1.0
1.0,1.0
0.0,0.0
1.0,0.0
1.0,0.0
0.0,1.0
1.0,1.0
1.0,1.0
0.0,1.0
1.0,0.0
0.0,1.0
1.0,0.0
0.0,1.0
0.0,1.0
1.0,0.0
0.0,1.0
0.0,0.0
0.0,1.0
1.0,1.0
1.0,0.0
0.0,1.0
0.0,1.0
1.0,1.0
1.0,1.0
1.0,1.0
0.0,1.0
1.0,1.0
0.0,1.0
0.0,0.0
1.0,1.0
0.0,1.0
0.0,1.0
0.0,1.0
1.0,1.0
0.0,1.0
1.0,1.0
1.0,1.0
1.0,1.0
0.0,1.0
1.0,1.0
0.0,0.0
0.0,1.0
0.0,1.0
0.0,1.0
1.0,1.0
0.0,1.0
1.0,0.0
0.0,0.0
0.0,1.0
1.0,1.0
0.0,0.0
1.0,0.0
0.0,0.0
1.0,1.0
0.0,1.0
1.0,0.0
1.0,1.0
0.0,1.0
0.0,0.0
0.0,0.0
0.0,1.0
1.0,1.0
1.0,1.0
1.0,1.0
1.0,1.0
1.0,1.0
0.0,0.0
1.0,1.0
0.0,1.0
1.0,1.0
0.0,1.0
1.0,1.0
0.0,0.0
1.0,1.0
0.0,1.0
1.0,1.0
0.0,1.0
0.0,1.0
0.0,1.0
1.0,1.0
1.0,1.0
1.0,1.0
1.0,1.0
0.0,1.0
1.0,1.0
1.0,1.0
0.0,0.0
1.0,1.0
0.0,1.0
0.0,1.0
1.0,1.0
0.0,1.0
1.0,0.0
0.0,0.0
0.0,1.0
0.0,1.0
1.0,1.0
1.0,1.0
0.0,1.0
0.0,1.0
0.0,1.0
0.0,1.0
0.0,0.0
0.0,1.0
0.0,1.0
1.0,1.0
1.0,1.0
1.0,0.0
0.0,1.0
1.0,0.0
1.0,1.0
0.0,1.0
0.0,1.0
0.0,0.0
0.0,1.0
1.0,1.0
0.0,1.0
1.0,1.0
0.0,0.0
1.0,1.0
0.0,1.0
0.0,1.0
0.0,1.0
1.0,1.0
1.0,0.0
0.0,1.0
1.0,1.0
1.0,1.0
1.0,1.0
1.0,1.0
0.0,0.0
0.0,1.0
0.0,1.0
1.0,0.0
0.0,0.0
0.0,1.0
0.0,1.0
0.0,1.0
0.0,1.0
1.0,1.0
1.0,1.0
1.0,0.0
0.0,0.0
1.0,1.0
0.0,0.0
0.0,1.0
1.0,1.0
1.0,0.0
1.0,1.0
1.0,1.0
0.0,0.0
0.0,1.0
1.0,1.0
0.0,1.0
1.0,1.0
0.0,1.0
1.0,1.0
1.0,1.0
0.0,1.0
1.0,1.0
1.0,1.0
1.0,1.0
1.0,0.0
0.0,1.0
0.0,1.0
1.0,1.0
1.0,0.0
1.0,1.0
0.0,1.0
1.0,0.0
0.0,0.0
0.0,0.0
1.0,1.0
0.0,1.0
0.0,1.0
1.0,1.0
1.0,1.0
0.0,1.0
0.0,0.0
1.0,1.0
0.0,0.0
1.0,1.0
0.0,1.0
0.0,1.0
1.0,0.0
1.0,0.0
0.0,1.0
0.0,1.0
1.0,1.0
0.0,1.0
1.0,1.0
1.0,1.0
1.0,1.0
0.0,1.0
0.0,1.0
1.0,1.0
1.0,1.0
0.0,1.0
0.0,0.0
1.0,1.0
0.0,1.0
0.0,1.0
1.0,1.0
1.0,1.0
1.0,1.0
1.0,1.0
0.0,1.0
0.0,0.0
1.0,1.0
1.0,0.0
1.0,1.0
1.0,1.0
1.0,1.0
1.0,1.0
1.0,0.0
0.0,1.0
0.0,1.0
1.0,1.0
0.0,1.0
1.0,0.0
1.0,1.0
1.0,1.0
0.0,1.0
1.0,1.0
0.0,1.0
0.0,1.0
0.0,1.0
1.0,0.0
0.0,1.0
1.0,1.0
1.0,1.0
0.0,0.0
0.0,1.0
1.0,1.0
1.0,1.0
0.0,1.0
0.0,1.0
0.0,1.0
0.0,1.0
0.0,1.0
0.0,1.0
1.0,1.0
0.0,0.0
0.0,0.0
1.0,1.0
1.0,0.0
1.0,1.0
0.0,1.0
1.0,1.0
1.0,1.0
0.0,1.0
1.0,1.0
0.0,1.0
1.0,1.0
0.0,1.0
0.0,0.0
0.0,1.0
1.0,0.0
0.0,0.0
0.0,1.0
1.0,0.0
1.0,1.0
0.0,0.0
0.0,1.0
0.0,1.0
1.0,1.0
1.0,1.0
0.0,1.0
0.0,1.0
0.0,1.0
0.0,0.0
0.0,1.0
0.0,1.0
1.0,0.0
1.0,1.0
1.0,1.0
1.0,1.0
1.0,1.0
1.0,1.0
0.0,1.0
1.0,0.0
0.0,1.0
0.0,1.0
1.0,1.0
1.0,1.0
0.0,0.0
1.0,1.0
0.0,0.0
0.0,1.0
0.0,1.0
1.0,1.0
0.0,1.0
0.0,1.0
0.0,0.0
0.0,1.0
0.0,0.0
1.0,1.0
0.0,1.0
0.0,1.0
0.0,0.0
0.0,1.0
1.0,1.0
0.0,0.0
1.0,1.0
0.0,0.0
0.0,1.0
0.0,1.0
1.0,1.0
0.0,0.0
1.0,1.0
1.0,1.0
0.0,0.0
1.0,1.0
0.0,1.0
1.0,1.0
1.0,1.0
1.0,1.0
1.0,1.0
1.0,1.0
1.0,1.0
1.0,1.0
1.0,1.0
1.0,1.0
0.0,1.0
0.0,1.0
1.0,1.0
1.0,1.0
0.0,1.0
0.0,1.0
0.0,1.0
1.0,1.0
1.0,1.0
0.0,0.0
0.0,1.0
1.0,0.0
1.0,1.0
0.0,1.0
0.0,1.0
1.0,1.0
1.0,1.0
0.0,0.0
1.0,1.0
0.0,1.0
1.0,0.0
1.0,1.0
1.0,1.0
0.0,1.0
0.0,1.0
0.0,1.0
1.0,1.0
0.0,1.0
1.0,1.0
0.0,1.0
1.0,0.0
1.0,0.0
0.0,1.0
1.0,1.0
0.0,1.0
1.0,1.0
1.0,1.0
0.0,1.0
1.0,1.0
1.0,1.0
0.0,1.0
1.0,1.0
1.0,1.0
0.0,1.0
0.0,1.0
0.0,1.0
1.0,1.0
1.0,1.0
1.0,1.0
0.0,0.0
0.0,1.0
0.0,1.0
0.0,0.0
0.0,0.0
1.0,1.0
0.0,0.0
1.0,1.0
1.0,1.0
0.0,1.0
1.0,1.0
1.0,1.0
0.0,0.0
0.0,1.0
0.0,1.0
0.0,0.0
0.0,1.0
0.0,1.0
0.0,0.0
0.0,0.0
1.0,1.0
1.0,1.0
0.0,1.0
0.0,1.0
0.0,1.0
1.0,1.0
0.0,1.0
0.0,0.0
0.0,1.0
1.0,1.0
0.0,0.0
1.0,1.0
1.0,0.0
0.0,1.0
1.0,1.0
0.0,1.0
0.0,1.0
1.0,1.0
0.0,0.0
1.0,1.0
1.0,0.0
1.0,1.0
0.0,1.0
0.0,1.0
0.0,1.0
1.0,1.0
1.0,1.0
1.0,1.0
0.0,0.0
0.0,1.0
1.0,1.0
1.0,1.0
0.0,1.0
0.0,1.0
1.0,1.0
0.0,1.0
0.0,0.0
1.0,1.0
0.0,1.0
1.0,1.0
1.0,1.0
1.0,0.0
0.0,0.0
1.0,1.0
0.0,1.0
1.0,0.0
0.0,1.0
1.0,1.0
0.0,0.0
1.0,1.0
0.0,1.0
1.0,1.0
1.0,0.0
0.0,0.0
1.0,1.0
0.0,1.0
1.0,1.0
0.0,1.0
0.0,1.0
0.0,0.0
1.0,1.0
1.0,1.0
0.0,1.0
1.0,1.0
1.0,1.0
1.0,1.0
0.0,1.0
0.0,0.0
0.0,1.0
0.0,1.0
0.0,1.0
0.0,1.0
1.0,1.0
0.0,1.0
0.0,0.0
1.0,1.0
1.0,0.0
0.0,1.0
0.0,1.0
0.0,1.0
1.0,1.0
1.0,1.0
0.0,1.0
1.0,1.0
1.0,1.0
1.0,1.0
0.0,1.0
0.0,0.0
0.0,1.0
1.0,1.0
0.0,1.0
1.0,1.0
0.0,0.0
0.0,1.0
0.0,1.0
1.0,1.0
0.0,0.0
0.0,1.0
0.0,0.0
1.0,1.0
0.0,1.0
0.0,1.0
1.0,0.0
1.0,0.0
0.0,1.0
1.0,1.0
1.0,0.0
0.0,1.0
1.0,1.0
0.0,1.0
0.0,0.0
1.0,1.0
0.0,0.0
0.0,1.0
0.0,0.0
1.0,1.0
1.0,1.0
1.0,1.0
1.0,0.0
0.0,1.0
0.0,0.0
0.0,1.0
1.0,0.0
0.0,1.0
1.0,0.0
1.0,1.0
0.0,0.0
0.0,1.0
0.0,0.0
1.0,0.0
1.0,1.0
0.0,1.0
0.0,0.0
0.0,0.0
1.0,1.0
1.0,1.0
1.0,1.0
1.0,1.0
0.0,0.0
0.0,1.0
1.0,1.0
1.0,1.0
1.0,1.0
1.0,1.0
0.0,1.0
0.0,1.0
0.0,0.0
1.0,1.0
1.0,1.0
0.0,1.0
1.0,1.0
0.0,1.0
0.0,1.0
0.0,1.0
0.0,1.0
0.0,0.0
1.0,1.0
1.0,1.0
1.0,1.0
0.0,1.0
1.0,1.0
1.0,1.0
0.0,0.0
0.0,1.0
1.0,1.0
1.0,1.0
1.0,1.0
1.0,1.0
0.0,1.0
1.0,1.0
0.0,1.0
1.0,1.0
0.0,0.0
1.0,1.0
1.0,1.0
1.0,0.0
0.0,1.0
1.0,0.0
0.0,1.0
0.0,0.0
0.0,1.0
0.0,1.0
1.0,1.0
1.0,1.0
1.0,1.0
0.0,1.0
0.0,1.0
1.0,1.0
0.0,0.0
1.0,1.0
1.0,0.0
0.0,0.0
0.0,1.0
1.0,0.0
0.0,0.0
1.0,1.0
0.0,1.0
1.0,1.0
1.0,1.0
0.0,1.0
1.0,0.0
0.0,1.0
0.0,0.0
0.0,1.0
1.0,0.0
0.0,1.0
0.0,1.0
1.0,1.0
0.0,1.0
0.0,1.0
0.0,1.0
0.0,1.0
1.0,0.0
0.0,1.0
0.0,1.0
1.0,1.0
0.0,0.0
1.0,1.0
0.0,0.0
0.0,1.0
0.0,1.0
0.0,1.0
0.0,0.0
0.0,1.0
1.0,0.0
0.0,1.0
1.0,1.0
0.0,0.0
0.0,0.0
1.0,1.0
1.0,1.0
0.0,1.0
0.0,1.0
0.0,1.0
1.0,1.0
0.0,1.0
0.0,1.0
1.0,1.0
1.0,1.0
0.0,0.0
0.0,1.0
1.0,1.0
0.0,1.0
1.0,1.0
0.0,1.0
1.0,1.0
0.0,1.0
0.0,0.0
0.0,1.0
0.0,1.0
1.0,1.0
1.0,1.0
1.0,0.0
1.0,1.0
1.0,0.0
1.0,0.0
0.0,1.0
1.0,1.0
0.0,1.0
0.0,1.0
1.0,1.0
0.0,1.0
1.0,0.0
0.0,1.0
0.0,0.0
0.0,1.0
0.0,0.0
1.0,1.0
0.0,0.0
1.0,1.0
0.0,1.0
0.0,1.0
0.0,0.0
1.0,1.0
0.0,1.0
0.0,1.0
0.0,1.0
1.0,1.0
0.0,1.0
0.0,0.0
0.0,1.0
1.0,1.0
0.0,0.0
0.0,1.0
0.0,1.0
1.0,1.0
1.0,1.0
1.0,1.0
1.0,1.0
1.0,1.0
1.0,1.0
1.0,1.0
0.0,1.0
0.0,0.0
1.0,0.0
0.0,1.0
1.0,0.0
0.0,1.0
1.0,1.0
0.0,0.0
1.0,0.0
0.0,1.0
1.0,1.0
1.0,1.0
0.0,1.0
0.0,1.0
0.0,1.0
1.0,1.0
1.0,1.0
1.0,1.0
0.0,1.0
0.0,1.0
1.0,1.0
1.0,1.0
1.0,0.0
0.0,1.0
0.0,1.0
1.0,1.0
0.0,1.0
1.0,1.0
1.0,1.0
0.0,1.0
1.0,1.0
0.0,1.0
0.0,1.0
1.0,1.0
1.0,1.0
0.0,1.0
1.0,1.0
0.0,0.0
0.0,0.0
1.0,1.0
1.0,1.0
1.0,1.0
0.0,0.0
0.0,1.0
1.0,0.0
1.0,1.0
0.0,1.0
1.0,1.0
0.0,0.0
0.0,1.0
1.0,1.0
0.0,1.0
1.0,1.0
1.0,0.0
0.0,1.0
1.0,1.0
0.0,1.0
1.0,1.0
1.0,1.0
0.0,1.0
0.0,1.0
0.0,1.0
0.0,1.0
1.0,1.0
1.0,1.0
1.0,1.0
0.0,1.0
1.0,1.0
1.0,1.0
1.0,1.0
1.0,1.0
1.0,1.0
1.0,1.0
0.0,0.0
0.0,1.0
1.0,0.0
0.0,1.0
1.0,1.0
1.0,0.0
1.0,1.0
0.0,0.0
0.0,0.0
1.0,1.0
0.0,1.0
0.0,1.0
1.0,1.0
0.0,1.0
0.0,1.0
1.0,1.0
1.0,1.0
0.0,1.0
0.0,0.0
1.0,1.0
0.0,1.0
1.0,0.0
1.0,0.0
1.0,1.0
1.0,1.0
1.0,1.0
0.0,1.0
0.0,1.0
0.0,0.0
1.0,1.0
0.0,1.0
1.0,1.0
0.0,0.0
1.0,1.0
0.0,1.0
1.0,1.0
1.0,1.0
0.0,0.0
0.0,1.0
0.0,1.0
0.0,1.0
0.0,0.0
1.0,1.0
1.0,1.0
1.0,1.0
1.0,1.0
1.0,1.0
1.0,1.0
0.0,1.0
1.0,1.0
1.0,1.0
0.0,1.0
0.0,1.0
0.0,1.0
0.0,1.0
0.0,1.0
0.0,1.0
1.0,1.0
0.0,1.0
0.0,1.0
1.0,0.0
0.0,1.0
0.0,1.0
1.0,1.0
0.0,0.0
1.0,1.0
0.0,0.0
0.0,1.0
0.0,1.0
1.0,0.0
1.0,1.0
0.0,1.0
1.0,1.0
1.0,1.0
1.0,1.0
0.0,1.0
0.0,0.0
0.0,1.0
0.0,1.0
0.0,1.0
1.0,1.0
1.0,1.0
1.0,0.0
0.0,1.0
1.0,1.0
0.0,1.0
1.0,0.0
0.0,1.0
0.0,1.0
0.0,1.0
1.0,1.0
0.0,0.0
0.0,0.0
1.0,1.0
1.0,1.0
1.0,0.0
0.0,0.0
0.0,1.0
1.0,0.0
0.0,0.0
1.0,1.0
0.0,0.0
0.0,1.0
1.0,1.0
1.0,0.0
0.0,1.0
0.0,1.0
0.0,0.0
1.0,1.0
1.0,1.0
1.0,1.0
1.0,1.0
0.0,0.0
1.0,0.0
1.0,1.0
0.0,1.0
1.0,1.0
1.0,0.0
1.0,1.0
0.0,1.0
1.0,1.0
0.0,1.0
1.0,1.0
1.0,1.0
0.0,0.0
0.0,1.0
0.0,1.0
1.0,1.0
1.0,1.0
0.0,1.0
1.0,0.0
0.0,1.0
1.0,1.0
0.0,1.0
1.0,1.0
0.0,1.0
1.0,1.0
1.0,1.0
1.0,1.0
0.0,0.0
0.0,1.0
0.0,1.0
0.0,0.0
1.0,0.0
1.0,1.0
1.0,1.0
0.0,1.0
0.0,1.0
1.0,1.0
0.0,1.0
0.0,1.0
1.0,1.0
1.0,0.0
1.0,0.0
0.0,0.0
0.0,1.0
0.0,1.0
1.0,1.0
1.0,1.0
0.0,1.0
0.0,0.0
1.0,1.0
0.0,1.0
1.0,1.0
1.0,1.0
1.0,1.0
0.0,1.0
0.0,1.0
1.0,0.0
0.0,1.0
0.0,0.0
0.0,0.0
0.0,1.0
1.0,1.0
0.0,1.0
0.0,1.0
0.0,0.0
0.0,1.0
1.0,1.0
0.0,0.0
1.0,1.0
1.0,1.0
0.0,0.0
1.0,1.0
0.0,1.0
0.0,1.0
0.0,0.0
1.0,1.0
1.0,1.0
1.0,1.0
0.0,1.0
0.0,0.0
1.0,1.0
1.0,1.0
0.0,1.0
0.0,0.0
0.0,1.0
1.0,1.0
1.0,1.0
1.0,1.0
0.0,1.0
1.0,0.0
1.0,1.0
0.0,1.0
0.0,1.0
1.0,1.0
0.0,1.0
0.0,0.0
0.0,1.0
0.0,1.0
0.0,1.0
1.0,1.0
0.0,0.0
1.0,1.0
1.0,1.0
0.0,1.0
1.0,1.0
0.0,0.0
1.0,0.0
0.0,0.0
0.0,1.0
0.0,0.0
0.0,0.0
1.0,1.0
1.0,0.0
0.0,1.0
0.0,1.0
1.0,1.0
0.0,1.0
1.0,1.0
0.0,1.0
1.0,1.0
0.0,1.0
1.0,1.0
0.0,1.0
0.0,0.0
0.0,0.0
0.0,0.0
1.0,1.0
1.0,1.0
1.0,1.0
0.0,1.0
0.0,1.0
0.0,0.0
1.0,1.0
0.0,0.0
0.0,1.0
1.0,1.0
1.0,1.0
0.0,1.0
1.0,0.0
0.0,1.0
0.0,1.0
1.0,1.0
0.0,1.0
1.0,1.0
0.0,1.0
1.0,1.0
0.0,0.0
1.0,1.0
1.0,1.0
1.0,1.0
0.0,1.0
1.0,1.0
0.0,1.0
1.0,1.0
0.0,0.0
0.0,1.0
1.0,1.0
0.0,0.0
0.0,1.0
1.0,1.0
0.0,1.0
0.0,1.0
1.0,1.0
0.0,1.0
1.0,1.0
0.0,1.0
1.0,1.0
1.0,0.0
1.0,1.0
1.0,1.0
1.0,0.0
0.0,1.0
1.0,0.0
1.0,1.0
0.0,1.0
1.0,1.0
0.0,1.0
0.0,1.0
1.0,1.0
0.0,0.0
0.0,1.0
0.0,0.0
0.0,0.0
1.0,1.0
1.0,1.0
0.0,0.0
0.0,1.0
0.0,0.0
1.0,1.0
0.0,1.0
1.0,1.0
1.0,1.0
1.0,0.0
0.0,1.0
1.0,0.0
0.0,1.0
1.0,1.0
1.0,1.0
1.0,1.0
0.0,1.0
1.0,1.0
1.0,1.0
0.0,1.0
0.0,1.0
1.0,1.0
0.0,1.0
0.0,1.0
1.0,1.0
0.0,0.0
0.0,1.0
1.0,1.0
1.0,1.0
0.0,1.0
1.0,0.0
0.0,1.0
1.0,1.0
0.0,0.0
1.0,1.0
0.0,1.0
1.0,0.0
1.0,0.0
0.0,1.0
0.0,1.0
1.0,1.0
0.0,1.0
1.0,1.0
1.0,1.0
1.0,0.0
1.0,1.0
0.0,1.0
1.0,1.0
1.0,1.0
0.0,0.0
0.0,0.0
0.0,0.0
0.0,1.0
1.0,1.0
1.0,0.0
1.0,1.0
1.0,1.0
1.0,1.0
1.0,1.0
1.0,1.0
0.0,1.0
0.0,0.0
1.0,1.0
1.0,1.0
1.0,0.0
0.0,1.0
1.0,1.0
1.0,1.0
0.0,1.0
1.0,0.0
0.0,0.0
0.0,1.0
0.0,1.0
0.0,1.0
1.0,1.0
1.0,1.0
0.0,0.0
0.0,1.0
1.0,1.0
0.0,0.0
1.0,0.0
0.0,0.0
0.0,0.0
1.0,1.0
1.0,1.0
1.0,1.0
0.0,1.0
1.0,1.0
0.0,0.0
1.0,1.0
0.0,0.0
1.0,1.0
0.0,1.0
0.0,1.0
1.0,0.0
1.0,1.0
1.0,1.0
0.0,1.0
1.0,1.0
1.0,1.0
1.0,0.0
0.0,1.0
1.0,0.0
0.0,1.0
1.0,0.0
0.0,0.0
1.0,1.0
0.0,0.0
0.0,1.0
1.0,1.0
1.0,1.0
0.0,1.0
1.0,1.0
0.0,1.0
0.0,1.0
0.0,0.0
1.0,0.0
1.0,1.0
0.0,1.0
1.0,1.0
0.0,1.0
0.0,1.0
0.0,1.0
1.0,1.0
0.0,0.0
1.0,1.0
1.0,1.0
0.0,1.0
0.0,1.0
0.0,0.0
0.0,1.0
0.0,1.0
0.0,1.0
0.0,1.0
1.0,1.0
1.0,0.0
0.0,1.0
0.0,1.0
0.0,1.0
0.0,0.0
0.0,1.0
1.0,1.0
1.0,1.0
1.0,0.0
0.0,1.0
1.0,1.0
0.0,1.0
1.0,1.0
1.0,1.0
0.0,1.0
1.0,1.0
0.0,0.0
1.0,0.0
1.0,1.0
1.0,1.0
0.0,0.0
0.0,1.0
1.0,1.0
1.0,1.0
0.0,0.0
1.0,1.0
1.0,1.0
1.0,1.0
1.0,1.0
0.0,1.0
0.0,0.0
1.0,0.0
0.0,0.0
1.0,0.0
0.0,0.0
1.0,1.0
1.0,1.0
0.0,1.0
0.0,1.0
0.0,1.0
0.0,1.0
0.0,1.0
0.0,1.0
0.0,0.0
1.0,1.0
0.0,0.0
1.0,1.0
0.0,0.0
1.0,1.0
1.0,1.0
1.0,1.0
0.0,0.0
1.0,1.0
1.0,1.0
1.0,1.0
0.0,1.0
0.0,1.0
1.0,1.0
0.0,1.0
1.0,1.0
1.0,1.0
1.0,1.0
1.0,1.0
0.0,1.0
0.0,1.0
0.0,1.0
1.0,1.0
0.0,1.0
1.0,1.0
0.0,1.0
0.0,0.0
0.0,1.0
1.0,1.0
1.0,1.0
0.0,1.0
0.0,1.0
0.0,0.0
0.0,1.0
0.0,0.0
0.0,0.0
0.0,1.0
1.0,1.0
1.0,1.0
1.0,1.0
1.0,1.0
1.0,1.0
0.0,1.0
0.0,1.0
0.0,0.0
1.0,1.0
0.0,1.0
1.0,1.0
0.0,1.0
0.0,1.0
1.0,1.0
0.0,1.0
1.0,1.0
0.0,1.0
0.0,1.0
1.0,1.0
1.0,1.0
1.0,1.0
0.0,1.0
0.0,0.0
1.0,1.0
0.0,1.0
0.0,0.0
0.0,1.0
0.0,1.0
1.0,1.0
1.0,1.0
0.0,1.0
0.0,1.0
0.0,0.0
1.0,1.0
1.0,1.0
1.0,1.0
1.0,1.0
1.0,1.0
0.0,1.0
1.0,1.0
0.0,1.0
0.0,1.0
1.0,0.0
0.0,1.0
1.0,1.0
1.0,1.0
0.0,1.0
1.0,1.0
1.0,1.0
0.0,0.0
0.0,1.0
0.0,1.0
0.0,1.0
0.0,0.0
0.0,1.0
1.0,1.0
1.0,0.0
0.0,0.0
1.0,1.0
1.0,1.0
1.0,1.0
0.0,1.0
0.0,1.0
0.0,1.0
1.0,1.0
0.0,0.0
1.0,1.0
0.0,1.0
1.0,1.0
1.0,1.0
1.0,1.0
0.0,1.0
1.0,0.0
0.0,0.0
1.0,1.0
1.0,0.0
0.0,1.0
0.0,0.0
0.0,1.0
1.0,1.0
0.0,1.0
1.0,1.0
1.0,1.0
0.0,0.0
0.0,1.0
0.0,0.0
0.0,1.0
0.0,1.0
1.0,0.0
1.0,1.0
0.0,0.0
1.0,1.0
1.0,1.0
1.0,0.0
0.0,1.0
0.0,1.0
0.0,1.0
0.0,1.0
0.0,0.0
1.0,1.0
1.0,0.0
0.0,1.0
1.0,0.0
0.0,0.0
0.0,1.0
0.0,1.0
0.0,1.0
1.0,1.0
1.0,1.0
0.0,0.0
1.0,1.0
1.0,1.0
0.0,0.0
0.0,1.0
1.0,1.0
0.0,0.0
0.0,1.0
0.0,1.0
0.0,1.0
0.0,1.0
0.0,1.0
1.0,0.0
0.0,1.0
1.0,1.0
1.0,1.0
1.0,1.0
1.0,1.0
0.0,1.0
1.0,0.0
0.0,1.0
1.0,1.0
0.0,0.0
0.0,1.0
0.0,0.0
1.0,1.0
0.0,1.0
0.0,1.0
0.0,1.0
0.0,1.0
0.0,1.0
1.0,0.0
1.0,1.0
0.0,1.0
1.0,1.0
0.0,0.0
1.0,1.0
1.0,1.0
1.0,1.0
0.0,1.0
0.0,1.0
1.0,0.0
0.0,1.0
1.0,1.0
1.0,1.0
0.0,1.0
0.0,1.0
1.0,1.0
1.0,1.0
1.0,1.0
0.0,1.0
1.0,1.0
1.0,0.0
0.0,1.0
1.0,0.0
1.0,1.0
1.0,1.0
1.0,1.0
0.0,1.0
1.0,0.0
0.0,1.0
1.0,1.0
0.0,1.0
1.0,1.0
0.0,1.0
1.0,1.0
1.0,1.0
0.0,1.0
0.0,1.0
0.0,1.0
1.0,1.0
1.0,1.0
1.0,1.0
1.0,1.0
0.0,1.0
0.0,0.0
1.0,0.0
1.0,0.0
1.0,1.0
1.0,1.0
0.0,1.0
1.0,1.0
1.0,1.0
0.0,0.0
1.0,1.0
0.0,1.0
0.0,0.0
0.0,1.0
1.0,1.0
0.0,1.0
0.0,1.0
0.0,1.0
1.0,1.0
0.0,0.0
0.0,1.0
1.0,1.0
1.0,1.0
0.0,1.0
1.0,1.0
1.0,0.0
0.0,1.0
0.0,0.0
1.0,1.0
1.0,0.0
1.0,1.0
0.0,0.0
0.0,1.0
0.0,1.0
0.0,1.0
1.0,0.0
1.0,1.0
1.0,1.0
0.0,0.0
1.0,1.0
0.0,1.0
0.0,1.0
0.0,1.0
0.0,1.0
0.0,0.0
0.0,1.0
0.0,1.0
1.0,1.0
0.0,1.0
1.0,1.0
1.0,0.0
1.0,1.0
0.0,1.0
1.0,1.0
1.0,1.0
0.0,1.0
1.0,1.0
1.0,1.0
1.0,1.0
1.0,1.0
0.0,0.0
0.0,1.0
1.0,1.0
0.0,1.0
1.0,0.0
0.0,0.0
0.0,1.0
1.0,1.0
0.0,0.0
1.0,1.0
0.0,1.0
1.0,1.0
0.0,1.0
1.0,1.0
0.0,1.0
0.0,1.0
1.0,1.0
0.0,1.0
1.0,1.0
1.0,0.0
1.0,0.0
0.0,1.0
1.0,1.0
0.0,0.0
0.0,1.0
1.0,1.0
1.0,1.0
1.0,1.0
0.0,1.0
0.0,1.0
1.0,1.0
1.0,1.0
1.0,1.0
1.0,1.0
0.0,1.0
1.0,1.0
1.0,1.0
1.0,1.0
1.0,1.0
1.0,0.0
0.0,1.0
1.0,1.0
1.0,1.0
1.0,1.0
0.0,1.0
1.0,1.0
1.0,0.0
0.0,1.0
1.0,1.0
1.0,1.0
0.0,0.0
0.0,1.0
0.0,0.0
1.0,1.0
1.0,1.0
1.0,1.0
1.0,1.0
1.0,1.0
1.0,1.0
0.0,1.0
1.0,1.0
1.0,1.0
0.0,0.0
0.0,1.0
1.0,1.0
1.0,1.0
0.0,1.0
1.0,1.0
0.0,1.0
1.0,1.0
1.0,1.0
0.0,1.0
0.0,1.0
1.0,1.0
1.0,1.0
1.0,1.0
0.0,1.0
1.0,1.0
0.0,0.0
0.0,1.0
1.0,1.0
0.0,1.0
0.0,1.0
1.0,0.0
0.0,1.0
1.0,1.0
0.0,1.0
1.0,1.0
0.0,1.0
0.0,1.0
1.0,1.0
1.0,1.0
1.0,1.0
1.0,1.0
1.0,1.0
0.0,1.0
0.0,1.0
0.0,1.0
0.0,1.0
0.0,1.0
1.0,0.0
0.0,1.0
0.0,1.0
1.0,1.0
1.0,1.0
0.0,0.0
0.0,1.0
1.0,1.0
1.0,1.0
0.0,1.0
1.0,1.0
1.0,0.0
1.0,1.0
0.0,0.0
0.0,1.0
1.0,1.0
0.0,1.0
0.0,1.0
1.0,1.0
0.0,1.0
0.0,1.0
0.0,1.0
0.0,0.0
1.0,0.0
1.0,1.0
1.0,1.0
1.0,1.0
1.0,1.0
0.0,1.0
1.0,1.0
1.0,1.0
1.0,1.0
0.0,1.0
1.0,1.0
1.0,1.0
0.0,1.0
1.0,1.0
0.0,0.0
0.0,0.0
1.0,1.0
1.0,1.0
1.0,1.0
1.0,1.0
1.0,1.0
0.0,0.0
1.0,1.0
0.0,1.0
1.0,1.0
0.0,1.0
1.0,1.0
1.0,1.0
1.0,1.0
0.0,0.0
1.0,1.0
0.0,1.0
1.0,1.0
0.0,1.0
0.0,1.0
1.0,1.0
0.0,1.0
0.0,1.0
0.0,1.0
0.0,1.0
0.0,1.0
1.0,1.0
0.0,1.0
1.0,1.0
1.0,1.0
1.0,1.0
1.0,0.0
1.0,1.0
0.0,1.0
0.0,1.0
0.0,1.0
0.0,1.0
0.0,0.0
1.0,1.0
1.0,0.0
0.0,1.0
0.0,1.0
0.0,1.0
0.0,1.0
0.0,0.0
1.0,1.0
1.0,1.0
0.0,0.0
0.0,0.0
0.0,1.0
0.0,1.0
0.0,0.0
0.0,1.0
0.0,0.0
0.0,1.0
0.0,1.0
0.0,0.0
0.0,1.0
1.0,1.0
1.0,1.0
1.0,1.0
0.0,1.0
0.0,0.0
0.0,1.0
1.0,0.0
0.0,1.0
0.0,1.0
0.0,1.0
0.0,1.0
0.0,1.0
1.0,1.0
1.0,1.0
0.0,1.0
0.0,0.0
0.0,1.0
1.0,0.0
1.0,1.0
1.0,0.0
0.0,1.0
1.0,1.0
1.0,1.0
1.0,1.0
1.0,1.0
1.0,1.0
1.0,0.0
1.0,1.0
1.0,1.0
1.0,1.0
1.0,1.0
0.0,1.0
1.0,1.0
1.0,0.0
0.0,0.0
0.0,1.0
1.0,1.0
0.0,0.0
0.0,1.0
1.0,0.0
1.0,1.0
0.0,0.0
1.0,1.0
0.0,1.0
0.0,1.0
1.0,1.0
0.0,0.0
0.0,1.0
0.0,1.0
1.0,0.0
0.0,1.0
0.0,1.0
1.0,1.0
0.0,0.0
0.0,0.0
0.0,1.0
1.0,1.0
1.0,1.0
0.0,1.0
1.0,1.0
1.0,0.0
1.0,0.0
0.0,1.0
1.0,1.0
0.0,0.0
0.0,0.0
1.0,0.0
1.0,1.0
0.0,1.0
1.0,1.0
0.0,0.0
0.0,1.0
0.0,0.0
0.0,1.0
0.0,1.0
1.0,1.0
1.0,1.0
0.0,1.0
0.0,1.0
0.0,1.0
1.0,1.0
0.0,0.0
0.0,1.0
1.0,1.0
0.0,1.0
1.0,0.0
0.0,1.0
1.0,1.0
0.0,0.0
1.0,1.0
0.0,1.0
0.0,1.0
0.0,0.0
1.0,1.0
0.0,1.0
0.0,0.0
0.0,1.0
1.0,1.0
0.0,0.0
0.0,0.0
1.0,1.0
1.0,1.0
0.0,1.0
1.0,1.0
0.0,1.0
0.0,0.0
0.0,0.0
0.0,1.0
1.0,1.0
0.0,1.0
0.0,0.0
0.0,1.0
0.0,1.0
1.0,1.0
1.0,1.0
0.0,0.0
1.0,1.0
0.0,0.0
0.0,1.0
1.0,1.0
1.0,1.0
0.0,1.0
1.0,1.0
0.0,1.0
0.0,0.0
1.0,0.0
0.0,1.0
0.0,0.0
1.0,0.0
1.0,1.0
0.0,1.0
1.0,0.0
1.0,1.0
1.0,0.0
1.0,1.0
1.0,1.0
1.0,1.0
0.0,1.0
1.0,1.0
0.0,1.0
1.0,1.0
1.0,1.0
1.0,0.0
0.0,0.0
0.0,1.0
1.0,1.0
1.0,1.0
0.0,1.0
1.0,0.0
1.0,1.0
1.0,1.0
0.0,1.0
1.0,0.0
0.0,1.0
0.0,1.0
1.0,1.0
1.0,0.0
1.0,0.0
1.0,1.0
1.0,1.0
0.0,1.0
1.0,1.0
1.0,1.0
1.0,1.0
1.0,1.0
1.0,1.0
0.0,0.0
1.0,1.0
0.0,1.0
0.0,1.0
0.0,1.0
0.0,0.0
0.0,1.0
0.0,1.0
0.0,0.0
1.0,0.0
0.0,0.0
1.0,1.0
1.0,1.0
0.0,1.0
1.0,1.0
1.0,1.0
0.0,0.0
0.0,0.0
1.0,1.0
0.0,1.0
0.0,0.0
1.0,1.0
1.0,1.0
0.0,1.0
0.0,1.0
0.0,1.0
1.0,0.0
1.0,0.0
1.0,1.0
1.0,1.0
0.0,0.0
0.0,0.0
1.0,1.0
0.0,0.0
0.0,1.0
0.0,0.0
0.0,1.0
1.0,0.0
1.0,0.0
1.0,1.0
1.0,1.0
1.0,1.0
0.0,1.0
0.0,0.0
1.0,1.0
1.0,1.0
0.0,1.0
1.0,1.0
1.0,1.0
1.0,0.0
0.0,1.0
0.0,1.0
0.0,0.0
0.0,0.0
0.0,0.0
0.0,0.0
1.0,1.0
0.0,1.0
1.0,1.0
1.0,1.0
0.0,1.0
1.0,1.0
1.0,1.0
1.0,1.0
0.0,1.0
0.0,1.0
0.0,0.0
0.0,1.0
1.0,0.0
1.0,0.0
0.0,0.0
1.0,1.0
0.0,0.0
0.0,1.0
0.0,1.0
1.0,1.0
1.0,1.0
0.0,0.0
0.0,1.0
1.0,1.0
1.0,1.0
1.0,1.0
0.0,1.0
0.0,1.0
1.0,1.0
1.0,0.0
0.0,1.0
1.0,1.0
0.0,0.0
1.0,1.0
0.0,0.0
1.0,1.0
0.0,0.0
0.0,0.0
0.0,0.0
0.0,1.0
1.0,0.0
1.0,1.0
1.0,1.0
0.0,0.0
1.0,1.0
1.0,1.0
1.0,1.0
1.0,1.0
1.0,0.0
0.0,1.0
1.0,1.0
1.0,1.0
0.0,1.0
1.0,1.0
1.0,1.0
1.0,1.0
1.0,1.0
0.0,1.0
1.0,1.0
0.0,1.0
1.0,1.0
1.0,1.0
0.0,0.0
1.0,1.0
1.0,1.0
0.0,1.0
0.0,1.0
0.0,1.0
0.0,1.0
0.0,0.0
1.0,1.0
0.0,0.0
0.0,1.0
1.0,0.0
0.0,1.0
1.0,0.0
1.0,1.0
1.0,1.0
0.0,1.0
0.0,0.0
0.0,1.0
0.0,1.0
0.0,0.0
1.0,0.0
0.0,0.0
0.0,1.0
0.0,1.0
1.0,1.0
1.0,0.0
1.0,0.0
0.0,1.0
1.0,0.0
0.0,0.0
0.0,1.0
0.0,1.0
1.0,1.0
1.0,1.0
1.0,1.0
1.0,1.0
1.0,0.0
0.0,0.0
1.0,1.0
0.0,0.0
0.0,1.0
0.0,1.0
0.0,0.0
0.0,1.0
0.0,1.0
0.0,1.0
0.0,0.0
1.0,0.0
0.0,0.0
0.0,0.0
1.0,1.0
0.0,1.0
0.0,1.0
1.0,0.0
0.0,1.0
0.0,1.0
0.0,0.0
0.0,1.0
1.0,1.0
0.0,1.0
0.0,1.0
0.0,1.0
1.0,1.0
0.0,1.0
0.0,1.0
0.0,1.0
1.0,1.0
0.0,1.0
0.0,1.0
1.0,0.0
1.0,1.0
1.0,0.0
0.0,0.0
0.0,1.0
1.0,1.0
1.0,1.0
0.0,1.0
0.0,1.0
1.0,1.0
0.0,1.0
0.0,0.0
0.0,1.0
0.0,1.0
0.0,1.0
0.0,1.0
0.0,1.0
1.0,1.0
1.0,1.0
1.0,1.0
0.0,0.0
0.0,0.0
0.0,1.0
1.0,0.0
0.0,0.0
1.0,1.0
0.0,0.0
1.0,0.0
1.0,1.0
1.0,1.0
0.0,0.0
0.0,0.0
0.0,0.0
1.0,1.0
0.0,0.0
0.0,1.0
1.0,1.0
0.0,1.0
1.0,1.0
0.0,1.0
0.0,1.0
1.0,1.0
0.0,0.0
0.0,0.0
0.0,0.0
0.0,1.0
1.0,1.0
0.0,1.0
1.0,1.0
0.0,0.0
0.0,1.0
1.0,1.0
1.0,1.0
1.0,0.0
0.0,1.0
0.0,0.0
1.0,1.0
1.0,1.0
0.0,1.0
1.0,1.0
0.0,1.0
1.0,1.0
0.0,1.0
0.0,1.0
0.0,0.0
1.0,1.0
0.0,1.0
0.0,0.0
0.0,1.0
0.0,1.0
1.0,1.0
0.0,0.0
1.0,1.0
0.0,1.0
0.0,1.0
0.0,1.0
0.0,1.0
1.0,1.0
0.0,1.0
1.0,0.0
1.0,0.0
0.0,1.0
0.0,1.0
0.0,1.0
0.0,1.0
1.0,1.0
0.0,1.0
0.0,1.0
0.0,0.0
1.0,1.0
1.0,0.0
0.0,1.0
1.0,1.0
1.0,1.0
1.0,1.0
0.0,1.0
0.0,1.0
0.0,1.0
1.0,1.0
1.0,1.0
1.0,1.0
1.0,0.0
0.0,1.0
0.0,1.0
0.0,1.0
1.0,1.0
1.0,1.0
0.0,1.0
0.0,1.0
1.0,1.0
1.0,1.0
0.0,1.0
1.0,1.0
1.0,1.0
1.0,1.0
1.0,1.0
0.0,0.0
1.0,1.0
1.0,1.0
1.0,1.0
1.0,1.0
1.0,1.0
0.0,0.0
0.0,1.0
0.0,1.0
0.0,1.0
1.0,1.0
0.0,1.0
1.0,1.0
0.0,1.0
0.0,1.0
0.0,1.0
1.0,1.0
1.0,1.0
1.0,0.0
1.0,1.0
0.0,1.0
0.0,1.0
0.0,0.0
0.0,0.0
1.0,0.0
0.0,0.0
1.0,0.0
1.0,1.0
0.0,1.0
0.0,1.0
1.0,1.0
0.0,1.0
1.0,1.0
0.0,1.0
1.0,1.0
1.0,1.0
0.0,1.0
0.0,0.0
1.0,0.0
1.0,1.0
0.0,1.0
1.0,1.0
1.0,0.0
1.0,1.0
1.0,0.0
0.0,1.0
1.0,1.0
1.0,1.0
1.0,0.0
1.0,1.0
0.0,1.0
0.0,1.0
0.0,1.0
1.0,1.0
0.0,1.0
0.0,1.0
1.0,1.0
0.0,1.0
0.0,0.0
0.0,1.0
0.0,1.0
0.0,0.0
1.0,1.0
1.0,1.0
1.0,1.0
0.0,1.0
0.0,0.0
0.0,1.0
0.0,1.0
0.0,0.0
1.0,1.0
0.0,1.0
1.0,1.0
1.0,1.0
1.0,1.0
0.0,0.0
0.0,1.0
1.0,1.0
0.0,1.0
0.0,1.0
0.0,0.0
1.0,1.0
1.0,0.0
1.0,1.0
1.0,1.0
0.0,1.0
0.0,1.0
1.0,1.0
0.0,1.0
1.0,1.0
0.0,1.0
0.0,1.0
0.0,1.0
1.0,0.0
0.0,1.0
0.0,1.0
1.0,1.0
1.0,1.0
1.0,1.0
1.0,1.0
1.0,1.0
0.0,1.0
0.0,1.0
1.0,0.0
0.0,0.0
0.0,1.0
0.0,1.0
1.0,1.0
0.0,1.0
1.0,1.0
1.0,1.0
0.0,1.0
1.0,1.0
1.0,1.0
0.0,1.0
1.0,0.0
0.0,1.0
0.0,1.0
1.0,1.0
1.0,1.0
0.0,0.0
1.0,1.0
1.0,0.0
1.0,0.0
1.0,1.0
0.0,1.0
1.0,1.0
0.0,0.0
1.0,1.0
0.0,1.0
0.0,1.0
1.0,1.0
1.0,0.0
0.0,0.0
0.0,1.0
1.0,1.0
0.0,1.0
0.0,1.0
0.0,1.0
1.0,0.0
0.0,0.0
0.0,1.0
1.0,1.0
1.0,0.0
0.0,1.0
1.0,1.0
0.0,1.0
1.0,1.0
0.0,0.0
1.0,1.0
1.0,0.0
0.0,1.0
0.0,1.0
1.0,1.0
1.0,1.0
1.0,1.0
0.0,1.0
0.0,1.0
1.0,1.0
1.0,1.0
0.0,1.0
1.0,1.0
0.0,1.0
0.0,1.0
1.0,0.0
0.0,1.0
0.0,1.0
0.0,1.0
0.0,1.0
1.0,1.0
1.0,0.0
1.0,1.0
0.0,1.0
0.0,1.0
1.0,1.0
1.0,1.0
0.0,1.0
0.0,1.0
1.0,1.0
0.0,1.0
0.0,1.0
1.0,1.0
0.0,1.0
1.0,1.0
1.0,1.0
0.0,1.0
0.0,1.0
1.0,1.0
0.0,1.0
1.0,0.0
1.0,1.0
1.0,1.0
1.0,1.0
1.0,0.0
0.0,1.0
1.0,0.0
1.0,1.0
1.0,1.0
0.0,1.0
1.0,1.0
0.0,1.0
0.0,1.0
0.0,1.0
0.0,1.0
1.0,1.0
0.0,1.0
1.0,1.0
1.0,1.0
1.0,1.0
0.0,0.0
0.0,0.0
1.0,1.0
1.0,1.0
1.0,1.0
1.0,1.0
1.0,1.0
0.0,1.0
0.0,0.0
1.0,0.0
1.0,1.0
1.0,0.0
1.0,1.0
1.0,1.0
0.0,1.0
0.0,1.0
0.0,1.0
0.0,1.0
0.0,1.0
1.0,1.0
1.0,1.0
1.0,1.0
1.0,1.0
0.0,1.0
0.0,1.0
1.0,1.0
0.0,1.0
1.0,0.0
0.0,1.0
0.0,0.0
1.0,1.0
0.0,1.0
1.0,1.0
0.0,1.0
1.0,1.0
1.0,1.0
1.0,1.0
1.0,0.0
1.0,1.0
1.0,1.0
0.0,1.0
0.0,1.0
1.0,0.0
1.0,1.0
0.0,1.0
0.0,0.0
0.0,1.0
0.0,1.0
0.0,0.0
0.0,1.0
1.0,1.0
0.0,0.0
1.0,1.0
1.0,1.0
1.0,1.0
0.0,1.0
0.0,1.0
0.0,1.0
0.0,1.0
1.0,1.0
0.0,1.0
1.0,1.0
0.0,1.0
0.0,1.0
1.0,1.0
0.0,0.0
1.0,1.0
0.0,0.0
1.0,1.0
1.0,1.0
1.0,1.0
1.0,1.0
1.0,1.0
1.0,1.0
0.0,1.0
1.0,1.0
1.0,1.0
0.0,1.0
0.0,0.0
1.0,1.0
0.0,1.0
1.0,0.0
0.0,1.0
1.0,1.0
1.0,1.0
1.0,0.0
1.0,1.0
0.0,1.0
0.0,1.0
1.0,0.0
1.0,1.0
0.0,1.0
1.0,1.0
1.0,1.0
1.0,1.0
1.0,1.0
0.0,0.0
1.0,1.0
0.0,1.0
1.0,1.0
1.0,1.0
0.0,1.0
1.0,0.0
0.0,1.0
0.0,0.0
1.0,0.0
1.0,1.0
0.0,0.0
0.0,1.0
0.0,1.0
0.0,1.0
0.0,1.0
0.0,1.0
0.0,1.0
1.0,1.0
0.0,0.0
1.0,1.0
0.0,1.0
1.0,0.0
1.0,1.0
0.0,1.0
0.0,0.0
0.0,0.0
0.0,1.0
0.0,0.0
0.0,1.0
0.0,1.0
0.0,1.0
1.0,0.0
1.0,0.0
0.0,1.0
1.0,1.0
1.0,1.0
0.0,1.0
1.0,0.0
1.0,1.0
1.0,0.0
1.0,1.0
1.0,0.0
0.0,1.0
1.0,1.0
0.0,1.0
0.0,1.0
1.0,0.0
1.0,1.0
1.0,1.0
1.0,1.0
0.0,1.0
0.0,1.0
0.0,1.0
1.0,1.0
1.0,1.0
0.0,1.0
0.0,0.0
1.0,0.0
0.0,1.0
1.0,1.0
1.0,1.0
1.0,1.0
1.0,0.0
0.0,1.0
0.0,1.0
0.0,0.0
1.0,1.0
1.0,1.0
0.0,1.0
1.0,1.0
1.0,1.0
0.0,0.0
1.0,1.0
0.0,1.0
0.0,0.0
0.0,1.0
0.0,1.0
1.0,1.0
0.0,0.0
0.0,1.0
1.0,1.0
0.0,0.0
0.0,1.0
1.0,1.0
0.0,1.0
1.0,1.0
0.0,1.0
1.0,1.0
1.0,1.0
1.0,1.0
0.0,1.0
0.0,1.0
0.0,1.0
1.0,1.0
0.0,1.0
0.0,0.0
1.0,1.0
1.0,1.0
0.0,1.0
0.0,1.0
1.0,1.0
0.0,0.0
1.0,0.0
0.0,1.0
0.0,1.0
1.0,1.0
0.0,0.0
1.0,1.0
0.0,0.0
1.0,1.0
1.0,1.0
1.0,1.0
0.0,1.0
0.0,1.0
1.0,1.0
0.0,0.0
0.0,1.0
1.0,0.0
0.0,1.0
0.0,0.0
0.0,0.0
1.0,1.0
1.0,1.0
1.0,1.0
1.0,1.0
1.0,1.0
1.0,1.0
1.0,1.0
1.0,1.0
0.0,0.0
1.0,1.0
1.0,1.0
1.0,1.0
0.0,1.0
1.0,1.0
0.0,0.0
0.0,0.0
0.0,1.0
1.0,1.0
0.0,0.0
1.0,1.0
1.0,1.0
0.0,1.0
1.0,1.0
0.0,1.0
0.0,1.0
1.0,1.0
1.0,1.0
0.0,0.0
1.0,1.0
0.0,1.0
1.0,0.0
1.0,1.0
0.0,1.0
0.0,1.0
0.0,1.0
1.0,1.0
1.0,0.0
0.0,0.0
1.0,1.0
1.0,1.0
0.0,1.0
1.0,0.0
1.0,0.0
0.0,1.0
0.0,1.0
0.0,1.0
0.0,0.0
0.0,1.0
1.0,1.0
1.0,1.0
0.0,0.0
0.0,1.0
0.0,1.0
0.0,1.0
1.0,1.0
1.0,0.0
0.0,0.0
0.0,1.0
0.0,1.0
1.0,1.0
0.0,1.0
1.0,1.0
0.0,0.0
1.0,1.0
1.0,1.0
1.0,1.0
1.0,1.0
0.0,0.0
1.0,1.0
0.0,1.0
1.0,1.0
1.0,1.0
1.0,1.0
0.0,1.0
0.0,1.0
0.0,1.0
0.0,0.0
1.0,1.0
1.0,1.0
0.0,0.0
0.0,1.0
0.0,0.0
0.0,0.0
1.0,1.0
0.0,1.0
1.0,0.0
1.0,1.0
0.0,1.0
1.0,1.0
0.0,1.0
1.0,0.0
1.0,1.0
1.0,1.0
0.0,1.0
1.0,1.0
1.0,1.0
0.0,1.0
1.0,1.0
0.0,0.0
0.0,1.0
0.0,1.0
1.0,0.0
1.0,1.0
0.0,1.0
1.0,1.0
1.0,1.0
0.0,1.0
1.0,1.0
1.0,1.0
1.0,1.0
0.0,1.0
0.0,1.0
1.0,1.0
0.0,1.0
1.0,1.0
1.0,1.0
0.0,0.0
0.0,0.0
0.0,1.0
1.0,1.0
1.0,1.0
1.0,1.0
1.0,1.0
0.0,0.0
0.0,1.0
1.0,1.0
0.0,1.0
1.0,1.0
1.0,1.0
1.0,1.0
0.0,1.0
0.0,1.0
1.0,1.0
1.0,1.0
0.0,1.0
0.0,1.0
0.0,0.0
0.0,1.0
1.0,1.0
1.0,0.0
0.0,0.0
1.0,1.0
1.0,1.0
0.0,0.0
1.0,1.0
0.0,1.0
0.0,1.0
1.0,1.0
0.0,0.0
1.0,1.0
1.0,0.0
1.0,1.0
1.0,1.0
1.0,0.0
0.0,1.0
0.0,1.0
1.0,1.0
1.0,1.0
0.0,1.0
0.0,1.0
1.0,1.0
0.0,1.0
0.0,0.0
0.0,1.0
0.0,1.0
1.0,0.0
0.0,1.0
0.0,1.0
0.0,1.0
1.0,1.0
0.0,1.0
0.0,1.0
1.0,1.0
1.0,1.0
1.0,1.0
0.0,1.0
1.0,0.0
1.0,1.0
1.0,1.0
0.0,1.0
1.0,1.0
1.0,1.0
0.0,1.0
0.0,0.0
1.0,1.0
1.0,1.0
0.0,1.0
0.0,1.0
1.0,1.0
0.0,1.0
0.0,1.0
0.0,1.0
0.0,1.0
1.0,1.0
1.0,1.0
1.0,1.0
0.0,1.0
1.0,1.0
1.0,1.0
0.0,1.0
0.0,1.0
0.0,0.0
1.0,1.0
1.0,1.0
1.0,0.0
1.0,0.0
0.0,1.0
0.0,1.0
1.0,1.0
1.0,0.0
0.0,1.0
1.0,1.0
0.0,1.0
0.0,0.0
0.0,0.0
1.0,1.0
1.0,0.0
0.0,0.0
0.0,1.0
0.0,0.0
0.0,1.0
0.0,1.0
1.0,0.0
0.0,1.0
0.0,1.0
0.0,1.0
1.0,1.0
0.0,1.0
0.0,0.0
0.0,1.0
1.0,1.0
0.0,0.0
0.0,1.0
0.0,1.0
1.0,1.0
0.0,1.0
0.0,1.0
1.0,1.0
1.0,1.0
1.0,0.0
0.0,1.0
0.0,1.0
0.0,0.0
1.0,1.0
0.0,0.0
0.0,0.0
0.0,1.0
0.0,1.0
1.0,0.0
0.0,1.0
1.0,1.0
1.0,1.0
0.0,1.0
1.0,1.0
0.0,1.0
0.0,1.0
1.0,1.0
1.0,1.0
1.0,1.0
1.0,1.0
0.0,1.0
1.0,1.0
0.0,0.0
1.0,1.0
1.0,1.0
1.0,1.0
1.0,1.0
0.0,0.0
1.0,0.0
0.0,1.0
1.0,1.0
0.0,1.0
1.0,1.0
1.0,1.0
0.0,1.0
1.0,1.0
0.0,1.0
0.0,0.0
0.0,1.0
1.0,1.0
1.0,1.0
1.0,1.0
1.0,1.0
1.0,1.0
0.0,1.0
1.0,1.0
1.0,1.0
0.0,0.0
1.0,1.0
0.0,0.0
0.0,0.0
0.0,0.0
0.0,1.0
1.0,1.0
1.0,1.0
1.0,1.0
0.0,0.0
0.0,0.0
1.0,0.0
1.0,1.0
1.0,1.0
1.0,1.0
0.0,1.0
0.0,0.0
1.0,1.0
0.0,1.0
0.0,0.0
1.0,1.0
0.0,1.0
0.0,1.0
1.0,1.0
0.0,1.0
1.0,1.0
0.0,1.0
1.0,1.0
0.0,0.0
0.0,1.0
1.0,1.0
0.0,1.0
0.0,1.0
1.0,0.0
0.0,1.0
0.0,1.0
1.0,0.0
1.0,1.0
1.0,1.0
1.0,1.0
0.0,1.0
0.0,1.0
0.0,1.0
1.0,1.0
1.0,1.0
1.0,0.0
1.0,1.0
1.0,0.0
0.0,0.0
1.0,1.0
1.0,1.0
1.0,1.0
1.0,1.0
0.0,1.0
0.0,1.0
1.0,1.0
1.0,1.0
1.0,1.0
1.0,0.0
1.0,1.0
1.0,1.0
0.0,1.0
0.0,1.0
1.0,1.0
0.0,1.0
0.0,1.0
1.0,1.0
1.0,1.0
1.0,1.0
1.0,1.0
0.0,1.0
1.0,0.0
0.0,1.0
1.0,1.0
1.0,1.0
0.0,0.0
1.0,0.0
1.0,1.0
0.0,0.0
1.0,1.0
0.0,1.0
0.0,1.0
1.0,1.0
0.0,0.0
1.0,1.0
0.0,1.0
1.0,1.0
1.0,1.0
1.0,1.0
1.0,1.0
1.0,0.0
0.0,0.0
0.0,1.0
0.0,1.0
1.0,1.0
1.0,1.0
0.0,1.0
1.0,1.0
0.0,1.0
0.0,1.0
0.0,1.0
1.0,1.0
0.0,1.0
0.0,0.0
0.0,1.0
0.0,0.0
1.0,0.0
1.0,1.0
1.0,1.0
1.0,0.0
0.0,0.0
0.0,1.0
0.0,1.0
0.0,0.0
1.0,1.0
0.0,1.0
1.0,1.0
0.0,1.0
1.0,1.0
0.0,1.0
0.0,1.0
0.0,0.0
0.0,1.0
0.0,1.0
0.0,1.0
0.0,1.0
1.0,1.0
1.0,1.0
1.0,1.0
1.0,1.0
1.0,0.0
1.0,1.0
1.0,0.0
1.0,1.0
1.0,1.0
0.0,1.0
1.0,0.0
1.0,1.0
0.0,1.0
0.0,0.0
0.0,1.0
0.0,1.0
0.0,1.0
1.0,1.0
1.0,1.0
1.0,0.0
1.0,1.0
0.0,0.0
0.0,1.0
1.0,0.0
0.0,0.0
1.0,1.0
0.0,1.0
1.0,0.0
0.0,0.0
0.0,1.0
0.0,0.0
1.0,1.0
1.0,1.0
1.0,0.0
0.0,0.0
1.0,1.0
0.0,0.0
0.0,1.0
0.0,1.0
0.0,1.0
1.0,1.0
1.0,0.0
1.0,1.0
0.0,1.0
0.0,1.0
1.0,1.0
1.0,1.0
1.0,1.0
0.0,1.0
0.0,1.0
1.0,1.0
0.0,1.0
1.0,0.0
0.0,1.0
1.0,1.0
0.0,1.0
0.0,1.0
1.0,1.0
1.0,0.0
1.0,1.0
0.0,1.0
1.0,1.0
0.0,1.0
1.0,1.0
1.0,1.0
1.0,1.0
1.0,1.0
0.0,0.0
0.0,1.0
1.0,1.0
1.0,1.0
0.0,1.0
0.0,1.0
1.0,1.0
0.0,0.0
1.0,1.0
1.0,1.0
0.0,1.0
1.0,1.0
0.0,1.0
1.0,1.0
1.0,1.0
1.0,1.0
0.0,0.0
1.0,1.0
1.0,1.0
1.0,1.0
0.0,1.0
1.0,1.0
0.0,1.0
0.0,1.0
1.0,1.0
1.0,0.0
1.0,0.0
1.0,1.0
1.0,0.0
1.0,0.0
1.0,1.0
1.0,1.0
0.0,1.0
1.0,0.0
1.0,1.0
0.0,0.0
0.0,1.0
1.0,1.0
0.0,1.0
0.0,0.0
1.0,1.0
1.0,0.0
1.0,1.0
1.0,1.0
1.0,1.0
1.0,1.0
1.0,1.0
1.0,1.0
1.0,1.0
0.0,1.0
0.0,1.0
0.0,1.0
0.0,0.0
1.0,1.0
1.0,1.0
0.0,1.0
1.0,0.0
0.0,1.0
1.0,1.0
1.0,0.0
0.0,1.0
0.0,0.0
1.0,1.0
1.0,1.0
0.0,1.0
1.0,1.0
0.0,1.0
0.0,1.0
0.0,1.0
1.0,1.0
1.0,0.0
0.0,0.0
1.0,1.0
0.0,0.0
1.0,1.0
1.0,1.0
1.0,1.0
1.0,1.0
0.0,1.0
1.0,0.0
0.0,1.0
0.0,1.0
1.0,1.0
0.0,0.0
1.0,0.0
0.0,0.0
0.0,1.0
1.0,1.0
0.0,1.0
0.0,0.0
1.0,1.0
1.0,1.0
0.0,0.0
0.0,1.0
1.0,1.0
1.0,1.0
0.0,1.0
1.0,1.0
1.0,1.0
1.0,1.0
0.0,1.0
0.0,1.0
0.0,1.0
0.0,1.0
0.0,1.0
0.0,1.0
1.0,1.0
0.0,0.0
0.0,1.0
1.0,1.0
1.0,1.0
0.0,1.0
1.0,1.0
0.0,1.0
0.0,1.0
1.0,1.0
1.0,1.0
0.0,0.0
0.0,1.0
0.0,1.0
1.0,1.0
1.0,0.0
1.0,1.0
1.0,1.0
1.0,0.0
0.0,1.0
1.0,0.0
0.0,0.0
1.0,0.0
0.0,0.0
0.0,0.0
0.0,1.0
0.0,1.0
1.0,1.0
1.0,1.0
1.0,1.0
0.0,1.0
1.0,1.0
1.0,1.0
1.0,1.0
1.0,1.0
0.0,1.0
0.0,1.0
1.0,1.0
1.0,0.0
0.0,1.0
0.0,0.0
0.0,0.0
1.0,1.0
1.0,0.0
1.0,1.0
1.0,1.0
1.0,1.0
0.0,0.0
1.0,1.0
1.0,1.0
1.0,1.0
1.0,1.0
1.0,0.0
1.0,1.0
0.0,1.0
0.0,0.0
1.0,1.0
1.0,0.0
0.0,1.0
1.0,1.0
0.0,0.0
1.0,1.0
1.0,1.0
0.0,1.0
0.0,1.0
1.0,1.0
0.0,1.0
0.0,1.0
0.0,0.0
0.0,1.0
0.0,0.0
1.0,1.0
0.0,1.0
0.0,1.0
0.0,1.0
0.0,1.0
0.0,1.0
1.0,1.0
0.0,1.0
0.0,1.0
1.0,1.0
1.0,1.0
0.0,1.0
1.0,0.0
0.0,1.0
1.0,1.0
0.0,1.0
1.0,1.0
0.0,1.0
1.0,1.0
1.0,1.0
0.0,1.0
0.0,1.0
1.0,1.0
0.0,0.0
0.0,1.0
1.0,1.0
1.0,1.0
0.0,1.0
1.0,0.0
1.0,1.0
1.0,1.0
0.0,1.0
0.0,1.0
0.0,1.0
1.0,1.0
0.0,1.0
1.0,0.0
0.0,1.0
1.0,1.0
1.0,1.0
0.0,1.0
1.0,1.0
1.0,1.0
0.0,0.0
1.0,1.0
0.0,1.0
0.0,0.0
0.0,1.0
0.0,0.0
1.0,1.0
1.0,1.0
0.0,1.0
1.0,1.0
1.0,0.0
1.0,0.0
1.0,1.0
1.0,1.0
1.0,1.0
1.0,1.0
1.0,1.0
1.0,1.0
1.0,1.0
0.0,0.0
1.0,1.0
0.0,1.0
0.0,1.0
1.0,1.0
1.0,0.0
1.0,1.0
0.0,1.0
0.0,1.0
1.0,1.0
0.0,0.0
1.0,1.0
1.0,1.0
0.0,0.0
1.0,1.0
0.0,1.0
1.0,1.0
0.0,0.0
0.0,1.0
0.0,1.0
1.0,1.0
1.0,1.0
0.0,1.0
1.0,1.0
0.0,1.0
0.0,1.0
0.0,0.0
0.0,1.0
0.0,0.0
0.0,1.0
1.0,1.0
0.0,0.0
0.0,1.0
0.0,0.0
0.0,1.0
1.0,1.0
1.0,1.0
1.0,1.0
0.0,1.0
1.0,1.0
1.0,1.0
1.0,1.0
1.0,1.0
1.0,1.0
0.0,0.0
0.0,0.0
0.0,1.0
1.0,1.0
0.0,0.0
1.0,1.0
1.0,1.0
1.0,1.0
1.0,1.0
1.0,1.0
0.0,1.0
0.0,0.0
0.0,1.0
0.0,0.0
0.0,0.0
1.0,1.0
1.0,1.0
1.0,1.0
1.0,1.0
1.0,1.0
0.0,0.0
0.0,1.0
0.0,1.0
0.0,1.0
0.0,0.0
0.0,1.0
0.0,0.0
1.0,1.0
0.0,1.0
1.0,1.0
1.0,1.0
0.0,0.0
0.0,1.0
0.0,0.0
1.0,1.0
0.0,1.0
0.0,0.0
0.0,1.0
0.0,0.0
0.0,1.0
1.0,1.0
0.0,1.0
0.0,1.0
1.0,1.0
0.0,0.0
0.0,1.0
1.0,1.0
1.0,1.0
0.0,1.0
1.0,1.0
0.0,1.0
0.0,1.0
0.0,0.0
1.0,1.0
0.0,0.0
0.0,0.0
0.0,1.0
0.0,1.0
0.0,0.0
1.0,1.0
0.0,1.0
0.0,1.0
1.0,1.0
0.0,1.0
0.0,1.0
0.0,1.0
0.0,0.0
1.0,1.0
0.0,0.0
1.0,1.0
0.0,1.0
0.0,1.0
1.0,1.0
0.0,1.0
1.0,1.0
1.0,1.0
1.0,1.0
0.0,1.0
0.0,0.0
0.0,0.0
1.0,1.0
1.0,1.0
1.0,1.0
0.0,1.0
1.0,1.0
0.0,1.0
1.0,1.0
0.0,1.0
0.0,1.0
1.0,1.0
1.0,1.0
1.0,1.0
1.0,0.0
0.0,1.0
0.0,1.0
0.0,0.0
0.0,1.0
1.0,1.0
1.0,1.0
0.0,1.0
0.0,1.0
0.0,0.0
1.0,1.0
1.0,1.0
0.0,0.0
1.0,1.0
0.0,1.0
1.0,1.0
1.0,1.0
1.0,1.0
0.0,0.0
0.0,1.0
0.0,1.0
1.0,1.0
1.0,1.0
1.0,1.0
0.0,0.0
1.0,1.0
1.0,0.0
0.0,1.0
0.0,0.0
1.0,1.0
0.0,1.0
0.0,1.0
0.0,1.0
0.0,1.0
1.0,1.0
0.0,1.0
1.0,1.0
1.0,1.0
1.0,0.0
1.0,1.0
1.0,1.0
0.0,1.0
1.0,0.0
0.0,1.0
1.0,1.0
1.0,1.0
0.0,0.0
1.0,1.0
0.0,1.0
1.0,1.0
0.0,1.0
0.0,1.0
0.0,0.0
1.0,1.0
0.0,0.0
0.0,1.0
1.0,1.0
0.0,1.0
1.0,0.0
0.0,0.0
0.0,0.0
0.0,1.0
1.0,1.0
1.0,0.0
0.0,0.0
1.0,1.0
0.0,0.0
1.0,1.0
0.0,0.0
1.0,1.0
0.0,1.0
0.0,1.0
1.0,1.0
0.0,0.0
0.0,1.0
0.0,0.0
1.0,1.0
1.0,1.0
1.0,1.0
1.0,1.0
1.0,1.0
0.0,1.0
1.0,1.0
1.0,1.0
0.0,1.0
1.0,1.0
1.0,1.0
0.0,1.0
1.0,1.0
0.0,1.0
1.0,1.0
1.0,1.0
1.0,1.0
1.0,1.0
1.0,1.0
0.0,1.0
1.0,1.0
0.0,0.0
1.0,1.0
1.0,1.0
1.0,1.0
0.0,1.0
1.0,1.0
0.0,0.0
1.0,1.0
1.0,1.0
0.0,0.0
0.0,1.0
0.0,1.0
1.0,1.0
0.0,0.0
1.0,1.0
0.0,1.0
1.0,1.0
1.0,1.0
0.0,1.0
1.0,1.0
0.0,1.0
1.0,1.0
0.0,0.0
0.0,1.0
1.0,1.0
1.0,1.0
0.0,1.0
1.0,1.0
0.0,1.0
1.0,1.0
0.0,1.0
1.0,1.0
0.0,0.0
0.0,1.0
1.0,1.0
0.0,0.0
1.0,1.0
0.0,1.0
1.0,0.0
1.0,1.0
0.0,1.0
0.0,1.0
0.0,1.0
0.0,0.0
0.0,1.0
0.0,0.0
0.0,0.0
1.0,1.0
0.0,1.0
0.0,1.0
1.0,1.0
1.0,1.0
1.0,1.0
0.0,1.0
0.0,1.0
0.0,0.0
1.0,1.0
0.0,1.0
1.0,1.0
1.0,1.0
0.0,1.0
0.0,1.0
1.0,1.0
0.0,1.0
0.0,1.0
1.0,1.0
1.0,1.0
1.0,1.0
0.0,1.0
1.0,0.0
1.0,1.0
0.0,1.0
1.0,1.0
1.0,1.0
1.0,0.0
1.0,1.0
0.0,1.0
1.0,1.0
0.0,1.0
0.0,1.0
1.0,1.0
0.0,1.0
0.0,1.0
0.0,0.0
1.0,0.0
0.0,0.0
1.0,1.0
1.0,0.0
0.0,1.0
1.0,1.0
1.0,0.0
0.0,1.0
1.0,0.0
0.0,0.0
0.0,1.0
1.0,1.0
1.0,1.0
0.0,0.0
0.0,1.0
1.0,1.0
0.0,1.0
0.0,1.0
1.0,1.0
1.0,0.0
0.0,1.0
1.0,1.0
1.0,1.0
0.0,1.0
1.0,1.0
0.0,1.0
0.0,0.0
0.0,1.0
1.0,1.0
0.0,1.0
0.0,0.0
1.0,1.0
1.0,1.0
1.0,1.0
0.0,1.0
0.0,1.0
1.0,1.0
0.0,0.0
1.0,1.0
1.0,1.0
1.0,0.0
1.0,1.0
0.0,1.0
0.0,1.0
0.0,0.0
0.0,1.0
0.0,0.0
0.0,0.0
1.0,1.0
1.0,1.0
1.0,1.0
0.0,1.0
0.0,1.0
1.0,1.0
1.0,1.0
1.0,0.0
1.0,1.0
1.0,1.0
0.0,1.0
0.0,0.0
0.0,0.0
0.0,1.0
0.0,1.0
1.0,1.0
1.0,1.0
1.0,1.0
0.0,1.0
1.0,1.0
1.0,1.0
0.0,1.0
1.0,1.0
1.0,1.0
0.0,0.0
0.0,1.0
1.0,1.0
0.0,0.0
1.0,1.0
0.0,1.0
0.0,1.0
0.0,1.0
0.0,0.0
0.0,0.0
1.0,0.0
1.0,1.0
1.0,1.0
1.0,0.0
1.0,1.0
1.0,1.0
1.0,1.0
1.0,1.0
0.0,1.0
1.0,1.0
0.0,1.0
0.0,0.0
1.0,1.0
1.0,1.0
1.0,1.0
0.0,0.0
1.0,1.0
0.0,1.0
1.0,1.0
1.0,1.0
1.0,1.0
1.0,1.0
0.0,1.0
1.0,1.0
0.0,1.0
1.0,1.0
0.0,1.0
0.0,1.0
0.0,0.0
1.0,1.0
1.0,0.0
0.0,1.0
1.0,1.0
0.0,1.0
0.0,1.0
1.0,0.0
0.0,1.0
1.0,1.0
1.0,0.0
0.0,1.0
1.0,0.0
1.0,1.0
1.0,0.0
1.0,1.0
1.0,1.0
0.0,0.0
1.0,1.0
0.0,0.0
0.0,0.0
0.0,1.0
1.0,1.0
0.0,0.0
1.0,1.0
0.0,0.0
1.0,0.0
0.0,0.0
0.0,1.0
1.0,0.0
0.0,0.0
0.0,1.0
0.0,1.0
1.0,1.0
0.0,1.0
0.0,0.0
0.0,0.0
1.0,1.0
1.0,1.0
0.0,1.0
0.0,1.0
1.0,1.0
0.0,1.0
0.0,1.0
1.0,1.0
1.0,1.0
1.0,1.0
1.0,0.0
0.0,1.0
1.0,1.0
1.0,0.0
1.0,1.0
1.0,1.0
1.0,1.0
0.0,1.0
0.0,0.0
0.0,1.0
0.0,0.0
0.0,0.0
1.0,1.0
0.0,1.0
0.0,0.0
1.0,1.0
1.0,1.0
1.0,1.0
0.0,1.0
0.0,1.0
0.0,0.0
1.0,0.0
0.0,0.0
1.0,1.0
1.0,1.0
1.0,1.0
1.0,1.0
0.0,0.0
1.0,1.0
0.0,1.0
1.0,1.0
0.0,1.0
1.0,1.0
0.0,0.0
0.0,1.0
0.0,1.0
0.0,1.0
1.0,1.0
0.0,1.0
0.0,1.0
0.0,1.0
1.0,1.0
0.0,1.0
0.0,1.0
0.0,1.0
0.0,0.0
0.0,1.0
0.0,1.0
0.0,1.0
0.0,1.0
1.0,1.0
1.0,1.0
0.0,1.0
1.0,1.0
0.0,1.0
1.0,1.0
1.0,1.0
1.0,1.0
1.0,0.0
0.0,1.0
1.0,1.0
0.0,1.0
1.0,1.0
0.0,0.0
0.0,1.0
1.0,1.0
1.0,1.0
0.0,1.0
1.0,1.0
1.0,1.0
0.0,0.0
0.0,0.0
0.0,1.0
1.0,0.0
1.0,1.0
0.0,1.0
0.0,1.0
0.0,1.0
1.0,1.0
0.0,1.0
0.0,1.0
1.0,1.0
0.0,1.0
0.0,0.0
1.0,1.0
1.0,1.0
0.0,1.0
0.0,0.0
1.0,1.0
1.0,0.0
0.0,1.0
0.0,0.0
0.0,1.0
1.0,0.0
1.0,1.0
0.0,1.0
0.0,1.0
1.0,1.0
0.0,1.0
1.0,1.0
0.0,1.0
0.0,1.0
0.0,1.0
1.0,0.0
1.0,1.0
1.0,1.0
0.0,1.0
0.0,1.0
1.0,1.0
1.0,1.0
0.0,1.0
1.0,1.0
1.0,0.0
1.0,1.0
0.0,0.0
0.0,0.0
1.0,1.0
1.0,1.0
1.0,1.0
1.0,1.0
0.0,0.0
1.0,1.0
1.0,1.0
0.0,1.0
0.0,1.0
1.0,1.0
1.0,1.0
0.0,1.0
1.0,1.0
0.0,1.0
1.0,1.0
0.0,1.0
1.0,0.0
1.0,0.0
1.0,1.0
0.0,1.0
1.0,1.0
0.0,0.0
0.0,1.0
0.0,0.0
0.0,0.0
0.0,0.0
0.0,1.0
0.0,1.0
1.0,1.0
0.0,1.0
0.0,1.0
1.0,1.0
0.0,0.0
1.0,1.0
1.0,1.0
0.0,0.0
0.0,1.0
0.0,1.0
1.0,0.0
1.0,1.0
0.0,1.0
1.0,1.0
0.0,0.0
1.0,1.0
0.0,0.0
0.0,1.0
1.0,1.0
0.0,1.0
0.0,1.0
0.0,0.0
0.0,1.0
0.0,1.0
1.0,1.0
0.0,1.0
0.0,0.0
1.0,1.0
1.0,0.0
1.0,1.0
0.0,0.0
0.0,0.0
1.0,1.0
0.0,1.0
0.0,1.0
1.0,1.0
0.0,1.0
1.0,1.0
0.0,1.0
0.0,1.0
0.0,1.0
0.0,0.0
1.0,1.0
1.0,1.0
1.0,1.0
0.0,0.0
1.0,0.0
1.0,0.0
0.0,1.0
0.0,1.0
1.0,0.0
0.0,1.0
0.0,0.0
0.0,1.0
0.0,1.0
0.0,1.0
0.0,0.0
0.0,1.0
1.0,1.0
1.0,1.0
0.0,1.0
1.0,1.0
1.0,1.0
1.0,1.0
0.0,0.0
1.0,1.0
1.0,0.0
0.0,1.0
1.0,0.0
0.0,0.0
0.0,1.0
0.0,1.0
0.0,1.0
0.0,0.0
0.0,1.0
0.0,1.0
1.0,1.0
0.0,1.0
1.0,1.0
1.0,1.0
0.0,1.0
0.0,1.0
1.0,0.0
1.0,0.0
1.0,1.0
1.0,1.0
0.0,0.0
1.0,0.0
1.0,0.0
1.0,1.0
1.0,1.0
1.0,1.0
1.0,1.0
0.0,0.0
0.0,0.0
1.0,1.0
1.0,1.0
0.0,1.0
1.0,1.0
0.0,0.0
1.0,1.0
0.0,1.0
0.0,0.0
1.0,1.0
0.0,0.0
1.0,1.0
1.0,1.0
1.0,1.0
0.0,1.0
0.0,0.0
0.0,1.0
1.0,1.0
0.0,1.0
0.0,1.0
1.0,1.0
0.0,0.0
0.0,0.0
0.0,0.0
1.0,1.0
0.0,0.0
0.0,1.0
0.0,0.0
0.0,1.0
1.0,1.0
0.0,1.0
0.0,1.0
1.0,0.0
0.0,1.0
1.0,1.0
0.0,1.0
1.0,1.0
1.0,1.0
0.0,1.0
0.0,1.0
1.0,1.0
1.0,1.0
0.0,0.0
0.0,1.0
0.0,0.0
1.0,1.0
0.0,0.0
1.0,1.0
1.0,1.0
0.0,0.0
1.0,1.0
1.0,1.0
1.0,0.0
0.0,1.0
1.0,1.0
0.0,1.0
0.0,1.0
1.0,1.0
0.0,1.0
1.0,1.0
1.0,1.0
1.0,1.0
0.0,1.0
0.0,0.0
0.0,1.0
0.0,0.0
1.0,1.0
0.0,1.0
1.0,1.0
0.0,1.0
1.0,1.0
1.0,1.0
1.0,1.0
1.0,0.0
1.0,1.0
1.0,1.0
0.0,0.0
1.0,1.0
0.0,0.0
1.0,1.0
0.0,1.0
0.0,1.0
0.0,0.0
1.0,1.0
1.0,1.0
1.0,1.0
0.0,0.0
0.0,1.0
1.0,1.0
0.0,0.0
0.0,1.0
0.0,0.0
1.0,1.0
1.0,0.0
1.0,0.0
0.0,0.0
0.0,0.0
1.0,1.0
0.0,1.0
1.0,1.0
1.0,0.0
1.0,0.0
1.0,1.0
1.0,1.0
0.0,1.0
0.0,0.0
0.0,1.0
1.0,0.0
1.0,1.0
0.0,0.0
0.0,0.0
1.0,1.0
0.0,1.0
0.0,1.0
0.0,1.0
1.0,1.0
0.0,1.0
1.0,1.0
0.0,1.0
0.0,1.0
0.0,1.0
0.0,1.0
0.0,1.0
0.0,1.0
1.0,1.0
1.0,1.0
1.0,1.0
1.0,1.0
0.0,1.0
1.0,1.0
1.0,1.0
1.0,1.0
1.0,0.0
1.0,0.0
0.0,1.0
0.0,0.0
1.0,1.0
0.0,0.0
0.0,1.0
0.0,0.0
1.0,1.0
0.0,1.0
0.0,1.0
0.0,1.0
1.0,1.0
0.0,1.0
0.0,1.0
1.0,1.0
1.0,1.0
1.0,1.0
0.0,1.0
1.0,1.0
0.0,1.0
0.0,1.0
0.0,0.0
1.0,1.0
1.0,1.0
0.0,1.0
0.0,1.0
0.0,1.0
1.0,1.0
1.0,0.0
1.0,1.0
1.0,1.0
1.0,1.0
0.0,1.0
0.0,1.0
1.0,1.0
1.0,0.0
0.0,0.0
1.0,1.0
1.0,1.0
1.0,1.0
1.0,1.0
0.0,1.0
0.0,0.0
1.0,1.0
0.0,1.0
0.0,1.0
1.0,1.0
0.0,1.0
1.0,1.0
1.0,1.0
1.0,1.0
1.0,1.0
0.0,1.0
0.0,0.0
1.0,0.0
0.0,1.0
1.0,0.0
0.0,1.0
0.0,1.0
0.0,1.0
1.0,1.0
1.0,1.0
1.0,1.0
0.0,1.0
1.0,0.0
0.0,1.0
0.0,1.0
1.0,1.0
1.0,0.0
1.0,1.0
1.0,1.0
0.0,0.0
0.0,1.0
0.0,1.0
0.0,1.0
0.0,1.0
0.0,0.0
0.0,1.0
0.0,1.0
1.0,1.0
0.0,0.0
1.0,1.0
1.0,1.0
0.0,0.0
1.0,1.0
1.0,1.0
1.0,1.0
0.0,1.0
0.0,1.0
0.0,1.0
0.0,1.0
0.0,0.0
1.0,1.0
1.0,1.0
0.0,1.0
0.0,1.0
1.0,0.0
0.0,0.0
0.0,1.0
0.0,1.0
1.0,1.0
0.0,1.0
1.0,1.0
0.0,0.0
1.0,1.0
0.0,0.0
1.0,0.0
0.0,0.0
0.0,0.0
1.0,1.0
1.0,1.0
0.0,1.0
1.0,1.0
1.0,1.0
0.0,0.0
1.0,0.0
0.0,1.0
1.0,1.0
1.0,0.0
1.0,1.0
0.0,1.0
0.0,0.0
0.0,0.0
0.0,1.0
0.0,0.0
0.0,0.0
1.0,1.0
0.0,1.0
1.0,1.0
1.0,1.0
0.0,1.0
0.0,0.0
1.0,1.0
1.0,1.0
1.0,1.0
0.0,1.0
0.0,1.0
1.0,1.0
1.0,1.0
1.0,0.0
1.0,1.0
0.0,0.0
1.0,1.0
0.0,1.0
0.0,0.0
0.0,0.0
1.0,1.0
0.0,1.0
0.0,0.0
1.0,1.0
0.0,1.0
0.0,0.0
1.0,1.0
0.0,0.0
0.0,1.0
1.0,1.0
0.0,0.0
1.0,0.0
0.0,1.0
0.0,1.0
0.0,1.0
0.0,1.0
1.0,1.0
0.0,1.0
0.0,1.0
0.0,0.0
1.0,1.0
0.0,1.0
1.0,1.0
0.0,0.0
0.0,0.0
0.0,0.0
1.0,1.0
1.0,1.0
1.0,1.0
1.0,1.0
0.0,1.0
1.0,1.0
0.0,1.0
1.0,0.0
1.0,1.0
1.0,0.0
0.0,0.0
0.0,0.0
1.0,0.0
0.0,0.0
0.0,1.0
1.0,0.0
0.0,1.0
1.0,1.0
0.0,1.0
0.0,1.0
1.0,1.0
1.0,1.0
0.0,1.0
1.0,0.0
0.0,1.0
1.0,1.0
0.0,0.0
1.0,1.0
0.0,1.0
1.0,0.0
0.0,1.0
1.0,1.0
1.0,1.0
1.0,1.0
1.0,1.0
0.0,1.0
1.0,1.0
0.0,0.0
0.0,1.0
1.0,1.0
0.0,0.0
0.0,0.0
0.0,1.0
0.0,0.0
0.0,1.0
0.0,1.0
0.0,0.0
1.0,1.0
0.0,1.0
0.0,1.0
0.0,1.0
1.0,1.0
1.0,1.0
0.0,1.0
1.0,1.0
0.0,1.0
1.0,1.0
1.0,1.0
0.0,1.0
1.0,1.0
1.0,1.0
1.0,1.0
0.0,1.0
0.0,1.0
0.0,0.0
1.0,1.0
1.0,1.0
1.0,1.0
1.0,1.0
0.0,1.0
0.0,1.0
1.0,0.0
1.0,1.0
1.0,1.0
1.0,1.0
1.0,1.0
0.0,0.0
0.0,0.0
1.0,1.0
0.0,0.0
0.0,1.0
1.0,1.0
1.0,0.0
0.0,1.0
0.0,1.0
0.0,0.0
0.0,1.0
1.0,0.0
0.0,1.0
0.0,0.0
0.0,1.0
1.0,1.0
1.0,1.0
1.0,1.0
1.0,1.0
1.0,0.0
0.0,1.0
1.0,1.0
0.0,1.0
1.0,1.0
1.0,1.0
0.0,0.0
0.0,0.0
0.0,1.0
0.0,0.0
0.0,0.0
1.0,1.0
1.0,1.0
0.0,0.0
1.0,1.0
1.0,1.0
0.0,1.0
0.0,1.0
0.0,0.0
0.0,1.0
1.0,0.0
0.0,1.0
0.0,0.0
0.0,1.0
0.0,1.0
0.0,1.0
1.0,1.0
1.0,1.0
0.0,0.0
0.0,1.0
1.0,1.0
1.0,1.0
0.0,0.0
0.0,1.0
1.0,1.0
1.0,0.0
1.0,0.0
0.0,1.0
1.0,1.0
1.0,1.0
0.0,1.0
1.0,1.0
1.0,0.0
0.0,0.0
1.0,1.0
1.0,1.0
0.0,0.0
1.0,1.0
1.0,1.0
1.0,1.0
1.0,1.0
0.0,1.0
1.0,1.0
1.0,1.0
1.0,1.0
0.0,1.0
0.0,0.0
0.0,1.0
0.0,1.0
0.0,1.0
1.0,0.0
0.0,0.0
0.0,1.0
1.0,1.0
0.0,1.0
0.0,1.0
1.0,0.0
0.0,1.0
1.0,1.0
1.0,1.0
1.0,1.0
1.0,1.0
1.0,1.0
0.0,1.0
1.0,1.0
1.0,0.0
0.0,1.0
1.0,0.0
1.0,1.0
1.0,1.0
1.0,1.0
0.0,1.0
0.0,1.0
0.0,0.0
0.0,1.0
1.0,1.0
0.0,1.0
1.0,0.0
1.0,1.0
1.0,0.0
0.0,1.0
1.0,0.0
1.0,0.0
1.0,1.0
1.0,0.0
0.0,1.0
0.0,1.0
0.0,0.0
0.0,1.0
1.0,1.0
1.0,1.0
0.0,1.0
0.0,0.0
0.0,0.0
1.0,1.0
1.0,1.0
1.0,1.0
1.0,1.0
0.0,1.0
1.0,1.0
1.0,1.0
0.0,1.0
1.0,1.0
1.0,0.0
1.0,1.0
1.0,1.0
0.0,1.0
0.0,1.0
0.0,1.0
0.0,1.0
0.0,1.0
1.0,1.0
0.0,0.0
0.0,0.0
0.0,1.0
0.0,1.0
1.0,1.0
0.0,1.0
0.0,1.0
1.0,0.0
1.0,0.0
1.0,1.0
0.0,0.0
0.0,1.0
1.0,1.0
1.0,1.0
0.0,1.0
1.0,1.0
1.0,1.0
1.0,1.0
0.0,0.0
0.0,0.0
1.0,1.0
0.0,1.0
0.0,1.0
0.0,0.0
0.0,1.0
1.0,0.0
1.0,1.0
0.0,1.0
0.0,1.0
0.0,1.0
0.0,0.0
1.0,0.0
1.0,1.0
1.0,0.0
0.0,1.0
0.0,1.0
0.0,1.0
1.0,0.0
1.0,0.0
1.0,1.0
1.0,1.0
0.0,0.0
1.0,1.0
0.0,1.0
1.0,1.0
1.0,1.0
0.0,0.0
0.0,1.0
0.0,0.0
1.0,1.0
0.0,1.0
1.0,1.0
1.0,1.0
0.0,0.0
1.0,0.0
0.0,1.0
0.0,1.0
0.0,1.0
0.0,1.0
1.0,1.0
0.0,1.0
1.0,1.0
0.0,1.0
1.0,1.0
1.0,1.0
0.0,1.0
0.0,0.0
0.0,1.0
0.0,1.0
1.0,1.0
0.0,1.0
1.0,1.0
1.0,1.0
0.0,1.0
1.0,1.0
0.0,1.0
1.0,1.0
1.0,1.0
0.0,0.0
0.0,0.0
1.0,1.0
0.0,0.0
1.0,1.0
0.0,1.0
1.0,1.0
1.0,1.0
0.0,1.0
0.0,1.0
0.0,0.0
1.0,1.0
1.0,1.0
1.0,1.0
0.0,1.0
1.0,1.0
1.0,1.0
0.0,1.0
1.0,1.0
1.0,1.0
0.0,1.0
0.0,1.0
1.0,0.0
0.0,1.0
0.0,0.0
1.0,1.0
1.0,1.0
0.0,0.0
0.0,1.0
0.0,0.0
0.0,1.0
0.0,1.0
0.0,1.0
0.0,1.0
1.0,1.0
1.0,1.0
1.0,1.0
0.0,1.0
0.0,1.0
0.0,1.0
1.0,1.0
0.0,1.0
0.0,1.0
0.0,1.0
0.0,1.0
1.0,1.0
0.0,1.0
0.0,1.0
1.0,1.0
0.0,1.0
0.0,0.0
0.0,0.0
1.0,1.0
1.0,1.0
1.0,1.0
1.0,1.0
1.0,1.0
1.0,1.0
0.0,1.0
0.0,1.0
0.0,1.0
0.0,0.0
1.0,1.0
1.0,0.0
0.0,1.0
0.0,1.0
0.0,1.0
1.0,0.0
0.0,1.0
0.0,1.0
1.0,0.0
1.0,1.0
0.0,0.0
1.0,1.0
1.0,1.0
0.0,0.0
1.0,0.0
1.0,0.0
1.0,1.0
0.0,0.0
1.0,1.0
1.0,0.0
1.0,1.0
0.0,0.0
0.0,0.0
1.0,1.0
1.0,1.0
1.0,1.0
1.0,1.0
1.0,1.0
1.0,1.0
1.0,1.0
0.0,1.0
1.0,1.0
0.0,1.0
0.0,1.0
0.0,0.0
1.0,0.0
0.0,0.0
1.0,1.0
1.0,0.0
1.0,1.0
1.0,0.0
1.0,1.0
1.0,1.0
1.0,1.0
0.0,1.0
1.0,1.0
0.0,1.0
1.0,1.0
0.0,1.0
1.0,1.0
0.0,1.0
0.0,1.0
0.0,1.0
1.0,1.0
1.0,1.0
1.0,1.0
0.0,0.0
1.0,1.0
1.0,1.0
1.0,1.0
1.0,1.0
1.0,1.0
0.0,1.0
0.0,0.0
0.0,1.0
0.0,1.0
1.0,0.0
1.0,0.0
1.0,0.0
0.0,1.0
1.0,0.0
1.0,1.0
0.0,1.0
0.0,1.0
0.0,1.0
0.0,0.0
1.0,1.0
1.0,1.0
0.0,1.0
1.0,1.0
1.0,1.0
0.0,0.0
0.0,1.0
1.0,1.0
1.0,1.0
1.0,1.0
1.0,1.0
0.0,0.0
0.0,1.0
1.0,1.0
0.0,1.0
0.0,1.0
1.0,1.0
1.0,1.0
1.0,1.0
1.0,1.0
1.0,1.0
0.0,0.0
1.0,1.0
1.0,0.0
0.0,1.0
1.0,1.0
0.0,1.0
1.0,1.0
0.0,0.0
1.0,0.0
0.0,1.0
0.0,1.0
1.0,1.0
0.0,1.0
1.0,1.0
0.0,0.0
1.0,0.0
1.0,1.0
1.0,1.0
1.0,1.0
1.0,1.0
1.0,1.0
0.0,1.0
0.0,0.0
1.0,1.0
1.0,0.0
0.0,1.0
0.0,1.0
0.0,1.0
1.0,1.0
0.0,1.0
1.0,1.0
1.0,1.0
0.0,1.0
1.0,1.0
1.0,1.0
0.0,0.0
0.0,0.0
0.0,0.0
0.0,1.0
1.0,1.0
0.0,0.0
1.0,1.0
1.0,1.0
0.0,0.0
0.0,1.0
0.0,1.0
1.0,1.0
1.0,0.0
0.0,1.0
0.0,1.0
0.0,0.0
0.0,1.0
1.0,1.0
1.0,1.0
0.0,0.0
0.0,1.0
0.0,1.0
1.0,1.0
0.0,0.0
0.0,1.0
1.0,1.0
1.0,1.0
0.0,1.0
1.0,1.0
0.0,1.0
1.0,1.0
1.0,1.0
1.0,1.0
1.0,1.0
1.0,1.0
1.0,1.0
0.0,0.0
1.0,0.0
0.0,0.0
1.0,1.0
1.0,1.0
1.0,1.0
1.0,1.0
1.0,0.0
1.0,1.0
0.0,0.0
0.0,1.0
0.0,0.0
0.0,0.0
0.0,1.0
1.0,1.0
1.0,1.0
1.0,1.0
1.0,1.0
0.0,1.0
1.0,1.0
1.0,1.0
0.0,1.0
0.0,0.0
0.0,1.0
0.0,0.0
0.0,1.0
0.0,1.0
1.0,1.0
1.0,1.0
1.0,1.0
0.0,0.0
0.0,1.0
1.0,1.0
1.0,1.0
0.0,1.0
1.0,0.0
0.0,1.0
1.0,0.0
1.0,1.0
0.0,1.0
1.0,1.0
0.0,1.0
1.0,0.0
1.0,1.0
0.0,0.0
1.0,1.0
0.0,1.0
1.0,1.0
1.0,1.0
1.0,0.0
1.0,1.0
1.0,1.0
0.0,1.0
1.0,1.0
1.0,1.0
1.0,1.0
1.0,1.0
0.0,0.0
1.0,1.0
1.0,1.0
0.0,1.0
1.0,1.0
1.0,1.0
1.0,1.0
0.0,1.0
1.0,0.0
0.0,1.0
0.0,0.0
1.0,1.0
1.0,1.0
1.0,1.0
0.0,0.0
1.0,1.0
0.0,1.0
1.0,1.0
1.0,1.0
0.0,0.0
1.0,0.0
0.0,0.0
1.0,1.0
0.0,0.0
0.0,0.0
0.0,1.0
0.0,1.0
0.0,1.0
0.0,1.0
0.0,1.0
1.0,1.0
1.0,1.0
1.0,1.0
0.0,0.0
0.0,1.0
1.0,1.0
0.0,1.0
0.0,1.0
0.0,1.0
1.0,1.0
1.0,1.0
1.0,1.0
0.0,1.0
0.0,0.0
1.0,0.0
1.0,1.0
1.0,1.0
0.0,1.0
0.0,1.0
0.0,1.0
1.0,1.0
1.0,1.0
0.0,1.0
0.0,1.0
1.0,1.0
0.0,1.0
0.0,1.0
1.0,0.0
1.0,1.0
1.0,1.0
1.0,1.0
0.0,1.0
0.0,0.0
1.0,1.0
1.0,1.0
0.0,1.0
1.0,1.0
1.0,1.0
1.0,0.0
1.0,1.0
1.0,0.0
1.0,1.0
0.0,1.0
1.0,1.0
0.0,1.0
1.0,1.0
0.0,1.0
1.0,1.0
1.0,0.0
1.0,1.0
1.0,1.0
1.0,1.0
0.0,1.0
1.0,0.0
1.0,1.0
0.0,1.0
1.0,0.0
1.0,1.0
1.0,0.0
1.0,1.0
0.0,1.0
0.0,1.0
0.0,0.0
1.0,0.0
0.0,1.0
1.0,1.0
1.0,0.0
0.0,0.0
1.0,1.0
1.0,1.0
1.0,0.0
1.0,0.0
1.0,1.0
0.0,1.0
1.0,1.0
1.0,1.0
0.0,0.0
0.0,0.0
1.0,1.0
0.0,0.0
0.0,1.0
1.0,0.0
1.0,1.0
1.0,1.0
0.0,1.0
1.0,1.0
0.0,1.0
1.0,1.0
0.0,0.0
1.0,0.0
0.0,1.0
0.0,1.0
0.0,1.0
0.0,0.0
0.0,1.0
0.0,1.0
0.0,1.0
1.0,1.0
0.0,1.0
1.0,0.0
0.0,0.0
0.0,0.0
0.0,1.0
1.0,0.0
0.0,1.0
0.0,1.0
1.0,1.0
0.0,0.0
0.0,1.0
0.0,0.0
1.0,1.0
1.0,1.0
1.0,1.0
1.0,1.0
1.0,1.0
0.0,1.0
1.0,1.0
0.0,1.0
0.0,0.0
0.0,0.0
0.0,1.0
1.0,1.0
1.0,1.0
1.0,0.0
1.0,1.0
1.0,1.0
1.0,1.0
1.0,1.0
1.0,1.0
1.0,1.0
1.0,1.0
0.0,1.0
0.0,1.0
1.0,1.0
1.0,1.0
1.0,1.0
0.0,1.0
0.0,1.0
0.0,0.0
1.0,0.0
0.0,1.0
1.0,1.0
0.0,1.0
0.0,0.0
0.0,1.0
1.0,1.0
0.0,1.0
0.0,1.0
0.0,1.0
0.0,0.0
1.0,1.0
1.0,1.0
0.0,1.0
1.0,0.0
0.0,0.0
1.0,0.0
0.0,1.0
1.0,1.0
0.0,1.0
0.0,1.0
1.0,0.0
1.0,1.0
1.0,0.0
0.0,0.0
1.0,1.0
0.0,1.0
0.0,1.0
0.0,1.0
1.0,1.0
1.0,1.0
1.0,1.0
0.0,1.0
0.0,1.0
0.0,1.0
1.0,1.0
1.0,1.0
0.0,1.0
1.0,1.0
1.0,1.0
0.0,0.0
1.0,1.0
0.0,0.0
0.0,1.0
1.0,1.0
0.0,1.0
1.0,1.0
0.0,1.0
0.0,1.0
1.0,1.0
1.0,1.0
1.0,1.0
0.0,1.0
0.0,1.0
0.0,1.0
0.0,1.0
1.0,1.0
0.0,0.0
1.0,1.0
1.0,1.0
1.0,1.0
0.0,1.0
1.0,1.0
1.0,0.0
0.0,1.0
1.0,1.0
0.0,1.0
0.0,0.0
1.0,1.0
0.0,0.0
1.0,1.0
1.0,1.0
0.0,0.0
0.0,1.0
1.0,1.0
1.0,0.0
1.0,1.0
0.0,0.0
1.0,1.0
1.0,1.0
1.0,1.0
0.0,1.0
0.0,1.0
0.0,1.0
0.0,1.0
1.0,0.0
0.0,0.0
1.0,1.0
1.0,1.0
0.0,1.0
0.0,1.0
1.0,1.0
0.0,1.0
1.0,1.0
0.0,0.0
0.0,1.0
0.0,1.0
0.0,1.0
1.0,1.0
0.0,1.0
0.0,1.0
0.0,1.0
0.0,0.0
0.0,1.0
0.0,0.0
0.0,0.0
0.0,1.0
1.0,1.0
0.0,1.0
0.0,1.0
0.0,1.0
0.0,1.0
1.0,1.0
1.0,1.0
0.0,1.0
1.0,1.0
0.0,1.0
0.0,1.0
0.0,1.0
0.0,1.0
1.0,1.0
0.0,1.0
0.0,1.0
0.0,1.0
0.0,1.0
1.0,1.0
1.0,0.0
0.0,1.0
0.0,0.0
1.0,1.0
0.0,1.0
1.0,1.0
1.0,1.0
1.0,1.0
0.0,1.0
1.0,1.0
1.0,0.0
1.0,1.0
0.0,1.0
0.0,1.0
1.0,1.0
1.0,1.0
0.0,1.0
0.0,0.0
1.0,1.0
0.0,1.0
1.0,0.0
1.0,1.0
1.0,1.0
0.0,1.0
1.0,1.0
1.0,1.0
0.0,1.0
1.0,1.0
1.0,1.0
1.0,1.0
1.0,1.0
1.0,1.0
0.0,1.0
0.0,0.0
0.0,1.0
0.0,0.0
0.0,0.0
0.0,1.0
1.0,1.0
0.0,1.0
0.0,1.0
1.0,0.0
0.0,0.0
0.0,1.0
0.0,1.0
1.0,1.0
1.0,1.0
1.0,1.0
1.0,1.0
1.0,1.0
0.0,0.0
0.0,1.0
1.0,0.0
1.0,1.0
0.0,1.0
0.0,1.0
0.0,1.0
0.0,1.0
0.0,0.0
1.0,1.0
1.0,1.0
1.0,1.0
0.0,1.0
0.0,0.0
0.0,0.0
1.0,1.0
1.0,1.0
0.0,1.0
0.0,0.0
0.0,0.0
1.0,1.0
0.0,0.0
0.0,0.0
0.0,1.0
0.0,1.0
1.0,1.0
1.0,0.0
1.0,0.0
0.0,1.0
0.0,0.0
1.0,1.0
0.0,0.0
1.0,1.0
0.0,1.0
0.0,1.0
0.0,1.0
0.0,1.0
0.0,0.0
1.0,1.0
1.0,1.0
0.0,1.0
0.0,1.0
1.0,1.0
0.0,1.0
1.0,1.0
1.0,1.0
0.0,1.0
1.0,1.0
0.0,0.0
0.0,1.0
0.0,1.0
1.0,1.0
0.0,1.0
0.0,1.0
0.0,1.0
1.0,0.0
1.0,1.0
1.0,1.0
0.0,1.0
1.0,1.0
1.0,1.0
0.0,1.0
1.0,0.0
1.0,0.0
1.0,1.0
1.0,1.0
1.0,0.0
0.0,1.0
0.0,1.0
0.0,1.0
1.0,1.0
0.0,1.0
1.0,1.0
0.0,1.0
1.0,1.0
0.0,1.0
0.0,1.0
0.0,1.0
1.0,1.0
0.0,0.0
0.0,1.0
1.0,1.0
0.0,1.0
0.0,1.0
0.0,1.0
0.0,1.0
0.0,1.0
1.0,1.0
1.0,0.0
1.0,1.0
0.0,1.0
0.0,0.0
0.0,1.0
0.0,0.0
0.0,1.0
0.0,1.0
1.0,1.0
0.0,0.0
1.0,0.0
0.0,1.0
0.0,0.0
0.0,0.0
0.0,1.0
0.0,0.0
0.0,1.0
1.0,0.0
1.0,1.0
0.0,1.0
1.0,1.0
1.0,1.0
1.0,1.0
1.0,0.0
1.0,1.0
0.0,1.0
1.0,1.0
1.0,1.0
0.0,1.0
1.0,1.0
0.0,1.0
0.0,1.0
0.0,1.0
1.0,1.0
0.0,0.0
0.0,1.0
1.0,0.0
1.0,1.0
0.0,0.0
0.0,0.0
0.0,1.0
0.0,1.0
0.0,1.0
0.0,1.0
0.0,1.0
1.0,1.0
0.0,1.0
1.0,0.0
1.0,0.0
1.0,1.0
0.0,1.0
0.0,1.0
1.0,1.0
1.0,0.0
0.0,1.0
1.0,1.0
1.0,1.0
0.0,1.0
1.0,0.0
1.0,1.0
1.0,1.0
1.0,1.0
1.0,1.0
1.0,0.0
1.0,1.0
0.0,1.0
1.0,1.0
0.0,1.0
0.0,1.0
0.0,1.0
0.0,0.0
0.0,1.0
0.0,1.0
0.0,1.0
0.0,1.0
0.0,1.0
0.0,1.0
0.0,0.0
0.0,0.0
0.0,1.0
1.0,1.0
1.0,0.0
1.0,1.0
0.0,0.0
0.0,1.0
0.0,1.0
1.0,1.0
1.0,1.0
0.0,1.0
1.0,1.0
0.0,1.0
0.0,0.0
1.0,1.0
0.0,0.0
1.0,1.0
1.0,1.0
0.0,1.0
1.0,1.0
1.0,1.0
0.0,0.0
0.0,0.0
0.0,1.0
1.0,1.0
1.0,1.0
0.0,0.0
0.0,1.0
0.0,0.0
0.0,0.0
1.0,1.0
1.0,1.0
1.0,1.0
1.0,1.0
0.0,1.0
0.0,1.0
1.0,0.0
1.0,0.0
0.0,0.0
1.0,1.0
1.0,1.0
1.0,1.0
0.0,1.0
1.0,1.0
0.0,1.0
1.0,1.0
0.0,0.0
1.0,0.0
0.0,1.0
0.0,1.0
0.0,0.0
0.0,1.0
1.0,1.0
0.0,1.0
0.0,1.0
0.0,1.0
0.0,0.0
1.0,1.0
1.0,0.0
0.0,1.0
0.0,0.0
1.0,1.0
0.0,1.0
0.0,1.0
0.0,1.0
0.0,1.0
0.0,1.0
0.0,0.0
0.0,1.0
1.0,1.0
0.0,1.0
0.0,1.0
0.0,1.0
0.0,0.0
0.0,0.0
1.0,1.0
0.0,1.0
1.0,1.0
0.0,0.0
1.0,1.0
1.0,1.0
1.0,0.0
1.0,1.0
1.0,0.0
1.0,1.0
1.0,1.0
1.0,1.0
0.0,1.0
0.0,0.0
0.0,1.0
0.0,0.0
0.0,1.0
0.0,0.0
1.0,1.0
1.0,1.0
0.0,0.0
0.0,1.0
0.0,1.0
0.0,0.0
1.0,1.0
0.0,1.0
1.0,1.0
1.0,0.0
0.0,1.0
1.0,0.0
1.0,1.0
1.0,1.0
1.0,1.0
0.0,0.0
1.0,1.0
1.0,1.0
0.0,1.0
0.0,1.0
0.0,1.0
0.0,1.0
1.0,1.0
1.0,1.0
0.0,1.0
1.0,1.0
1.0,1.0
0.0,1.0
1.0,1.0
0.0,1.0
1.0,1.0
1.0,0.0
1.0,1.0
1.0,1.0
1.0,1.0
0.0,0.0
0.0,0.0
1.0,1.0
1.0,1.0
0.0,1.0
0.0,1.0
0.0,1.0
1.0,1.0
1.0,1.0
0.0,1.0
0.0,1.0
1.0,1.0
1.0,1.0
0.0,1.0
1.0,1.0
0.0,1.0
0.0,1.0
0.0,1.0
0.0,0.0
0.0,0.0
0.0,1.0
1.0,1.0
1.0,1.0
1.0,1.0
0.0,0.0
0.0,0.0
0.0,1.0
0.0,1.0
0.0,1.0
0.0,1.0
0.0,1.0
1.0,1.0
1.0,1.0
0.0,1.0
0.0,1.0
0.0,1.0
0.0,1.0
0.0,1.0
0.0,1.0
1.0,1.0
1.0,1.0
1.0,1.0
0.0,1.0
0.0,0.0
0.0,0.0
1.0,0.0
0.0,0.0
1.0,0.0
1.0,1.0
1.0,1.0
1.0,1.0
0.0,0.0
1.0,1.0
1.0,1.0
1.0,1.0
1.0,1.0
0.0,1.0
0.0,1.0
0.0,0.0
1.0,0.0
1.0,1.0
1.0,1.0
0.0,0.0
1.0,1.0
0.0,1.0
1.0,1.0
0.0,1.0
0.0,1.0
0.0,0.0
0.0,1.0
1.0,1.0
0.0,0.0
1.0,1.0
1.0,0.0
1.0,1.0
1.0,1.0
1.0,1.0
0.0,1.0
0.0,1.0
0.0,1.0
1.0,1.0
1.0,1.0
1.0,1.0
1.0,1.0
1.0,1.0
0.0,0.0
1.0,1.0
0.0,1.0
0.0,0.0
0.0,1.0
0.0,1.0
0.0,1.0
1.0,1.0
0.0,1.0
1.0,1.0
0.0,0.0
1.0,1.0
0.0,1.0
1.0,1.0
1.0,1.0
1.0,1.0
1.0,0.0
1.0,1.0
1.0,0.0
0.0,1.0
1.0,1.0
0.0,0.0
1.0,1.0
0.0,1.0
0.0,1.0
1.0,1.0
1.0,1.0
1.0,1.0
1.0,1.0
1.0,0.0
0.0,1.0
0.0,1.0
0.0,1.0
1.0,1.0
0.0,1.0
1.0,0.0
0.0,1.0
0.0,1.0
1.0,1.0
0.0,1.0
0.0,1.0
1.0,1.0
0.0,0.0
0.0,0.0
1.0,1.0
1.0,1.0
0.0,1.0
1.0,0.0
1.0,1.0
0.0,1.0
0.0,0.0
1.0,1.0
1.0,1.0
0.0,1.0
0.0,1.0
1.0,1.0
1.0,1.0
0.0,1.0
0.0,1.0
0.0,1.0
1.0,1.0
1.0,1.0
1.0,1.0
0.0,1.0
1.0,1.0
0.0,1.0
0.0,1.0
0.0,1.0
0.0,1.0
0.0,1.0
0.0,1.0
0.0,1.0
